Shipment_ID,Origin,Destination,Distance_km,Vehicle_Type,Route_Traffic_Index,Weather,Driver_Experience_Years,Scheduled_Delivery_Hours,Actual_Delivery_Hours,Delayed
S0001,Ahmedabad,Pune,913.3,Truck,5.6,Clear,1.7,16.0,18.6,1
S0002,Kolkata,Kolkata,919.3,Truck,9.1,Stormy,,16.6,23.2,1
S0003,Pune,Hyderabad,1462.8,Truck,9.0,Clear,2.2,23.4,27.6,1
S0004,Chennai,Hyderabad,80.9,Truck,8.4,Rainy,1.0,2.9,6.0,1
S0005,Ahmedabad,Bangalore,715.1,Truck,5.6,Rainy,5.9,10.1,11.6,1
S0006,Lucknow,Kolkata,1646.5,Truck,,Clear,4.8,26.1,28.9,1
S0007,Bangalore,Bangalore,1226.3,Truck,5.6,Clear,3.3,21.3,22.6,1
S0008,Ahmedabad,Kolkata,707.6,Air,8.8,Clear,2.5,1.4,1.8,1
S0009,Pune,Delhi,1815.8,Rail,4.6,Clear,12.0,19.5,20.7,1
S0010,Chennai,Pune,1556.6,Truck,9.7,Rainy,0.1,24.8,30.1,1
S0011,Kolkata,Delhi,566.5,Truck,9.4,Clear,7.3,8.5,10.9,1
S0012,Pune,Lucknow,1308.3,Air,7.7,Clear,11.6,3.0,1.5,0
S0013,Pune,Mumbai,1211.7,Rail,3.5,Clear,3.0,15.7,15.1,0
S0014,Bangalore,Chennai,832.3,Rail,2.2,Foggy,,13.0,12.0,0
S0015,Hyderabad,Kolkata,765.6,Truck,8.7,Rainy,14.5,10.8,14.1,1
S0016,Chennai,Lucknow,719.9,Truck,2.5,Rainy,1.2,10.1,11.3,1
S0017,Delhi,Mumbai,1253.5,Truck,8.7,Rainy,,19.8,24.1,1
S0018,Pune,Ahmedabad,912.7,Truck,5.4,Clear,,17.2,17.8,0
S0019,Hyderabad,Pune,1672.1,Rail,4.7,Rainy,,21.2,19.8,0
S0020,Delhi,Bangalore,1355.7,Rail,9.1,Clear,8.5,16.7,16.0,0
S0021,Chennai,Bangalore,186.4,Truck,6.4,Rainy,11.5,4.5,6.0,1
S0022,Mumbai,Delhi,1298.3,Air,6.2,Rainy,7.6,1.0,1.5,1
S0023,Lucknow,Hyderabad,578.7,Truck,,Clear,1.1,13.6,14.6,0
S0024,Hyderabad,Mumbai,1206.0,Truck,4.3,Rainy,0.5,20.4,24.4,1
S0025,Jaipur,Ahmedabad,1376.3,Truck,8.1,Foggy,4.6,24.0,27.8,1
S0026,Mumbai,Lucknow,500.1,Air,,Clear,0.3,1.0,0.9,0
S0027,Lucknow,Pune,940.9,Truck,9.5,Rainy,5.6,14.2,19.2,1
S0028,Bangalore,Mumbai,421.1,Air,9.0,Clear,,1.5,2.6,1
S0029,Ahmedabad,Ahmedabad,152.1,Rail,4.0,Clear,5.4,1.0,2.2,1
S0030,Kolkata,Chennai,788.0,Truck,7.6,Clear,4.5,15.4,14.9,0
S0031,Jaipur,Kolkata,757.7,Truck,6.2,Clear,2.7,12.0,14.7,1
S0032,Bangalore,Bangalore,1991.2,Air,4.0,Foggy,1.1,1.5,2.8,1
S0033,Chennai,Lucknow,920.4,Truck,9.9,Foggy,1.8,15.4,20.4,1
S0034,Bangalore,Bangalore,700.5,Air,1.2,Rainy,3.7,1.1,2.2,1
S0035,Ahmedabad,Lucknow,1181.9,Air,3.3,Clear,5.3,1.0,0.5,0
S0036,Chennai,Delhi,223.1,Truck,5.7,Foggy,,6.6,11.9,1
S0037,Jaipur,Hyderabad,1925.2,Truck,5.7,Clear,7.3,32.1,35.0,1
S0038,Ahmedabad,Lucknow,1288.2,Air,6.3,Foggy,18.0,1.0,0.7,0
S0039,Delhi,Bangalore,1521.9,Rail,7.8,Clear,1.7,21.9,23.4,1
S0040,Kolkata,Delhi,382.4,Truck,6.6,,0.4,9.6,12.0,1
S0041,Jaipur,Lucknow,848.5,Truck,6.4,Rainy,2.1,12.1,15.6,1
S0042,Delhi,Chennai,874.2,Truck,1.5,Clear,6.8,17.0,15.0,0
S0043,Lucknow,Hyderabad,1652.5,Air,4.4,Clear,2.9,1.8,2.5,1
S0044,Jaipur,Lucknow,52.4,Rail,3.1,Clear,8.5,1.0,1.4,1
S0045,Lucknow,Delhi,636.7,Rail,3.4,Clear,4.0,8.1,7.4,0
S0046,Chennai,Mumbai,1963.4,Truck,6.0,Clear,13.3,34.7,36.2,1
S0047,Delhi,Jaipur,976.0,Truck,2.8,Clear,14.8,15.6,14.4,0
S0048,Kolkata,Ahmedabad,795.9,Air,3.6,Clear,0.4,1.0,0.5,0
S0049,Ahmedabad,Jaipur,283.7,Truck,3.1,Clear,3.0,1.3,0.5,0
S0050,Pune,Jaipur,1949.6,Truck,9.5,Rainy,4.7,31.2,35.7,1
S0051,Bangalore,Pune,89.1,Truck,9.5,Clear,,2.4,3.7,1
S0052,Mumbai,Chennai,1487.5,Rail,6.5,Foggy,,19.3,18.6,0
S0053,Kolkata,Mumbai,1548.8,Air,9.3,Foggy,,2.0,1.6,0
S0054,Delhi,Kolkata,525.1,Truck,8.1,Clear,1.3,10.2,12.6,1
S0055,Pune,Lucknow,1359.5,Truck,6.3,Rainy,4.6,22.4,24.2,1
S0056,Kolkata,Ahmedabad,231.2,Rail,1.1,Rainy,6.0,2.2,5.0,1
S0057,Delhi,Hyderabad,551.2,Air,8.0,Stormy,0.5,1.0,3.2,1
S0058,Hyderabad,Mumbai,1586.4,Truck,7.3,Clear,3.4,26.2,28.2,1
S0059,Hyderabad,Bangalore,1736.1,Truck,6.5,Clear,1.5,30.6,31.5,0
S0060,Lucknow,Kolkata,1236.5,Truck,7.8,Rainy,6.4,22.0,29.6,1
S0061,Kolkata,Pune,1038.3,Air,5.6,Rainy,1.1,2.6,5.0,1
S0062,Hyderabad,Pune,360.6,Truck,7.3,Rainy,11.1,7.0,8.7,1
S0063,Delhi,Mumbai,173.1,Truck,9.4,,2.8,3.4,5.4,1
S0064,Lucknow,Delhi,279.4,Rail,4.4,Foggy,1.1,2.3,3.0,1
S0065,Delhi,Jaipur,493.3,Rail,7.4,Stormy,2.9,5.9,7.4,1
S0066,Lucknow,Bangalore,716.3,Truck,5.3,Clear,2.6,17.4,19.1,1
S0067,Kolkata,Pune,792.8,Air,7.1,Clear,2.8,1.6,1.8,1
S0068,Pune,Ahmedabad,725.3,Truck,7.9,Clear,4.4,14.5,19.1,1
S0069,Ahmedabad,Pune,516.2,Truck,1.4,Rainy,3.7,10.0,10.4,0
S0070,Jaipur,Hyderabad,1044.0,Truck,6.8,Rainy,0.8,20.3,24.3,1
S0071,Pune,Lucknow,1659.3,Rail,3.0,Rainy,0.3,21.6,23.5,1
S0072,Chennai,Pune,595.4,Truck,7.0,Clear,,9.2,7.3,0
S0073,Delhi,Hyderabad,1887.7,Air,5.2,Clear,4.1,1.8,3.0,1
S0074,Chennai,Mumbai,1753.0,Rail,,Clear,2.2,23.3,25.6,1
S0075,Pune,Mumbai,365.4,Rail,2.1,,8.3,3.8,6.1,1
S0076,Lucknow,Kolkata,1583.2,Rail,6.6,Rainy,2.5,20.2,21.3,1
S0077,Jaipur,Pune,1170.4,Rail,3.5,Stormy,7.9,16.4,17.4,0
S0078,Jaipur,Ahmedabad,1154.8,Truck,8.7,Foggy,1.8,17.2,19.6,1
S0079,Mumbai,Pune,812.5,Truck,9.4,Foggy,,15.7,19.2,1
S0080,Jaipur,Ahmedabad,1027.2,Air,10.0,Clear,13.5,5.5,5.5,0
S0081,Ahmedabad,Chennai,824.5,Truck,8.2,Clear,2.5,10.8,11.8,0
S0082,Jaipur,Kolkata,1102.5,Rail,7.8,Rainy,7.9,14.0,14.8,0
S0083,Pune,Chennai,1274.5,Air,2.9,Foggy,1.6,1.0,2.4,1
S0084,Mumbai,Pune,1364.9,Truck,4.0,Clear,,24.4,23.0,0
S0085,Pune,Kolkata,1088.3,Rail,5.2,Clear,10.3,17.5,16.7,0
S0086,Pune,Chennai,1456.8,Truck,8.0,Clear,,22.3,21.7,0
S0087,Bangalore,Jaipur,325.5,Truck,9.2,Rainy,8.9,7.9,12.0,1
S0088,Mumbai,Pune,463.4,Truck,2.7,Clear,,6.8,3.7,0
S0089,Pune,Chennai,1646.5,Truck,9.3,,,26.7,32.4,1
S0090,Bangalore,Jaipur,678.9,Rail,7.3,Clear,3.7,4.2,3.4,0
S0091,Bangalore,Jaipur,94.6,Rail,6.5,Clear,10.4,4.8,6.6,1
S0092,Mumbai,Mumbai,349.9,Rail,2.8,Foggy,0.2,3.2,4.4,1
S0093,Chennai,Pune,486.0,Truck,1.5,Clear,1.5,9.0,8.1,0
S0094,Lucknow,Jaipur,1916.8,Truck,6.1,Rainy,10.4,35.5,38.6,1
S0095,Ahmedabad,Mumbai,1167.4,Rail,6.9,Rainy,,16.9,17.3,0
S0096,Lucknow,Chennai,1868.8,Truck,2.9,Foggy,0.1,27.1,26.7,0
S0097,Jaipur,Hyderabad,1171.6,Air,6.0,Clear,,1.0,0.6,0
S0098,Ahmedabad,Pune,984.7,Rail,8.7,Stormy,3.8,16.5,20.1,1
S0099,Jaipur,Kolkata,661.8,Rail,8.5,Clear,2.6,8.1,10.1,1
S0100,Pune,Ahmedabad,1232.4,Air,9.3,Stormy,1.8,1.0,1.8,1
S0101,Delhi,Ahmedabad,321.4,Truck,4.3,Foggy,5.7,4.1,5.8,1
S0102,Mumbai,Chennai,1801.6,Rail,3.9,Clear,1.2,24.3,25.3,0
S0103,Ahmedabad,Delhi,1667.2,Truck,7.7,Clear,8.0,28.8,29.6,0
S0104,Ahmedabad,Delhi,669.2,Air,4.9,Clear,8.1,1.6,0.5,0
S0105,Pune,Chennai,1908.0,Truck,1.8,Clear,2.7,33.1,31.1,0
S0106,Chennai,Jaipur,1659.1,Rail,3.5,Clear,1.7,18.5,18.8,0
S0107,Bangalore,Pune,1349.3,Air,4.8,Clear,1.7,1.0,3.2,1
S0108,Pune,Ahmedabad,287.4,Truck,3.6,Clear,3.3,6.4,6.4,0
S0109,Hyderabad,Ahmedabad,982.6,Truck,4.0,Clear,6.4,13.1,11.6,0
S0110,Bangalore,Jaipur,1036.9,Rail,3.6,Clear,2.2,13.0,12.9,0
S0111,Mumbai,Ahmedabad,503.5,Truck,1.4,Clear,4.7,5.0,1.2,0
S0112,Bangalore,Kolkata,205.9,Truck,6.7,Clear,,2.9,2.0,0
S0113,Chennai,Pune,1564.6,Truck,6.4,Clear,1.8,28.8,30.8,1
S0114,Bangalore,Lucknow,288.0,Truck,6.9,Clear,0.1,3.2,6.9,1
S0115,Mumbai,Ahmedabad,1208.9,Air,2.7,Clear,,3.7,4.1,1
S0116,Chennai,Chennai,1876.1,Truck,3.7,Foggy,1.3,31.2,32.3,1
S0117,Lucknow,Kolkata,1758.4,Truck,6.6,Clear,2.6,28.2,27.4,0
S0118,Ahmedabad,Ahmedabad,591.6,Truck,6.4,Clear,9.5,12.9,12.8,0
S0119,Ahmedabad,Kolkata,1710.3,Truck,5.6,Clear,8.0,28.6,27.5,0
S0120,Jaipur,Mumbai,50.6,Truck,4.2,Rainy,1.6,1.0,7.5,1
S0121,Lucknow,Lucknow,84.5,Truck,9.2,Foggy,1.4,1.0,7.4,1
S0122,Lucknow,Bangalore,1225.0,Truck,4.1,Foggy,1.3,20.4,23.1,1
S0123,Bangalore,Chennai,761.4,Truck,5.1,Rainy,2.1,15.2,18.1,1
S0124,Ahmedabad,Chennai,803.6,Rail,7.1,Clear,3.4,9.3,9.2,0
S0125,Mumbai,Pune,1150.7,Truck,5.9,Clear,2.9,18.9,22.4,1
S0126,Kolkata,Kolkata,424.0,Rail,4.1,Clear,1.2,2.3,0.5,0
S0127,Kolkata,Jaipur,462.9,Truck,4.9,Foggy,0.7,4.3,5.2,1
S0128,Chennai,Chennai,995.0,Truck,8.2,Rainy,0.1,18.0,23.7,1
S0129,Ahmedabad,Kolkata,1520.8,Rail,3.5,Rainy,0.8,17.8,18.1,0
S0130,Ahmedabad,Kolkata,1258.0,Truck,2.3,Clear,,18.7,16.1,0
S0131,Kolkata,Hyderabad,629.8,Air,3.8,Rainy,1.4,2.1,3.6,1
S0132,Ahmedabad,Hyderabad,889.2,Rail,8.6,Clear,3.2,10.2,12.8,1
S0133,Bangalore,Bangalore,382.8,Truck,1.8,Clear,4.5,8.3,9.1,0
S0134,Hyderabad,Mumbai,195.5,Rail,9.9,Clear,10.9,1.8,4.1,1
S0135,Delhi,Bangalore,1576.3,Rail,5.9,Clear,11.0,24.1,23.4,0
S0136,Lucknow,Ahmedabad,567.5,Truck,9.9,Clear,,9.1,10.4,1
S0137,Jaipur,Jaipur,396.6,Truck,9.5,Foggy,0.2,4.3,7.3,1
S0138,Chennai,Ahmedabad,1398.7,Truck,5.1,Clear,4.3,21.7,22.2,0
S0139,Hyderabad,Delhi,1255.2,Air,2.8,Clear,7.7,1.0,1.4,1
S0140,Kolkata,Ahmedabad,1284.7,Rail,2.5,Clear,0.1,16.6,16.3,0
S0141,Lucknow,Pune,496.3,Air,,Clear,4.0,1.0,0.5,0
S0142,Ahmedabad,Ahmedabad,503.7,Rail,7.4,Rainy,,5.7,4.6,0
S0143,Jaipur,Bangalore,480.6,Truck,,Rainy,3.2,8.2,8.7,0
S0144,Ahmedabad,Chennai,388.8,Truck,4.1,Rainy,0.0,4.1,7.6,1
S0145,Mumbai,Chennai,1328.7,Rail,5.0,Foggy,,17.9,20.2,1
S0146,Mumbai,Hyderabad,1703.6,Truck,9.2,Rainy,2.7,26.3,30.0,1
S0147,Jaipur,Jaipur,1462.4,Air,2.7,Clear,0.8,2.6,1.8,0
S0148,Jaipur,Jaipur,1594.6,Truck,1.0,Rainy,5.5,27.7,28.5,0
S0149,Kolkata,Pune,839.4,Truck,1.5,Clear,,14.9,15.6,0
S0150,Jaipur,Bangalore,1325.4,Rail,9.1,Clear,,17.9,18.3,0
S0151,Bangalore,Hyderabad,740.8,Rail,6.8,Clear,,8.9,8.9,0
S0152,Ahmedabad,Delhi,1074.7,Truck,3.5,Rainy,2.9,15.8,14.7,0
S0153,Hyderabad,Jaipur,989.2,Rail,2.6,Rainy,0.8,13.3,15.5,1
S0154,Pune,Chennai,394.9,Truck,3.6,Clear,7.2,5.9,7.6,1
S0155,Jaipur,Ahmedabad,804.8,Rail,2.0,Rainy,,9.7,6.9,0
S0156,Chennai,Ahmedabad,1929.5,Rail,9.5,Foggy,5.1,26.0,25.7,0
S0157,Mumbai,Hyderabad,534.7,Air,8.1,,9.6,2.8,0.9,0
S0158,Bangalore,Bangalore,310.9,Rail,5.2,Clear,,4.7,3.5,0
S0159,Lucknow,Bangalore,866.2,Truck,8.8,,,14.8,20.1,1
S0160,Pune,Mumbai,1591.2,Truck,3.2,Clear,2.8,27.6,27.1,0
S0161,Hyderabad,Lucknow,1185.2,Air,7.5,Rainy,6.9,1.0,2.1,1
S0162,Pune,Jaipur,1377.9,Truck,8.7,Clear,41.5,25.0,25.3,0
S0163,Jaipur,Bangalore,419.9,Air,4.2,Clear,,1.0,2.6,1
S0164,Kolkata,Chennai,1256.9,Truck,7.8,Rainy,0.6,20.5,23.5,1
S0165,Mumbai,Hyderabad,680.8,Rail,3.7,Rainy,3.7,9.1,8.2,0
S0166,Mumbai,Delhi,1676.9,Rail,3.7,Rainy,4.4,21.3,20.7,0
S0167,Lucknow,Mumbai,1277.1,Air,2.0,Foggy,1.0,1.2,3.3,1
S0168,Kolkata,Kolkata,437.8,Truck,5.0,Rainy,16.5,2.4,5.2,1
S0169,Ahmedabad,Pune,176.0,Rail,7.6,Rainy,1.0,4.1,3.5,0
S0170,Delhi,Delhi,133.1,Truck,9.5,Clear,1.0,4.1,5.7,1
S0171,Bangalore,Kolkata,774.2,Truck,6.4,Clear,12.3,11.6,11.1,0
S0172,Mumbai,Ahmedabad,568.4,Rail,8.8,Clear,,9.0,6.6,0
S0173,Chennai,Pune,1309.9,Rail,8.4,Rainy,0.3,19.7,19.6,0
S0174,Mumbai,Jaipur,1023.7,Air,2.6,Clear,,2.7,3.5,1
S0175,Pune,Chennai,568.7,Truck,5.4,Clear,4.6,9.8,9.1,0
S0176,Mumbai,Pune,341.0,Truck,2.1,Clear,0.3,8.2,6.9,0
S0177,Mumbai,Lucknow,298.0,Truck,7.1,Rainy,18.0,3.5,7.9,1
S0178,Delhi,Kolkata,1736.1,Truck,9.5,Foggy,3.9,29.2,35.0,1
S0179,Delhi,Jaipur,524.8,Truck,2.2,Clear,4.1,8.6,6.2,0
S0180,Hyderabad,Lucknow,1320.8,Rail,7.6,Foggy,3.7,17.1,17.0,0
S0181,Ahmedabad,Ahmedabad,1630.8,Truck,6.7,Clear,4.7,25.9,28.0,1
S0182,Chennai,Lucknow,1247.5,Air,6.3,Clear,1.5,5.4,5.1,0
S0183,Mumbai,Mumbai,1726.2,Air,,Foggy,,1.0,1.3,1
S0184,Mumbai,Mumbai,815.2,Rail,4.2,Clear,3.6,11.2,11.7,0
S0185,Bangalore,Hyderabad,1914.6,Air,1.4,Stormy,8.2,5.1,7.6,1
S0186,Delhi,Delhi,309.6,Rail,3.0,Clear,0.3,1.7,1.3,0
S0187,Chennai,Delhi,249.2,Truck,1.1,Clear,4.6,1.4,1.2,0
S0188,Lucknow,Jaipur,1334.4,Truck,6.2,Foggy,8.2,18.3,18.4,0
S0189,Hyderabad,Ahmedabad,1888.5,Truck,2.0,Clear,0.9,30.5,30.6,0
S0190,Ahmedabad,Bangalore,1627.3,Truck,8.9,,0.1,26.1,32.5,1
S0191,Kolkata,Mumbai,199.0,Air,5.7,Stormy,,1.0,2.8,1
S0192,Ahmedabad,Jaipur,594.8,Truck,7.3,Clear,4.4,7.5,7.2,0
S0193,Pune,Bangalore,1864.1,Air,4.7,Clear,0.7,6.0,6.6,0
S0194,Mumbai,Delhi,543.5,Rail,6.0,Clear,2.8,8.3,8.6,0
S0195,Hyderabad,Hyderabad,1573.3,Truck,9.5,Clear,4.0,25.9,28.9,1
S0196,Pune,Lucknow,1659.0,Air,1.7,Clear,4.6,3.8,5.1,1
S0197,Chennai,Mumbai,1016.1,Truck,3.3,,,16.7,17.5,0
S0198,Kolkata,Jaipur,803.4,Truck,8.0,Clear,2.6,8.5,11.6,1
S0199,Delhi,Pune,927.7,Rail,1.9,Clear,7.5,10.7,11.6,0
S0200,Hyderabad,Bangalore,492.6,Truck,1.7,Stormy,14.2,6.9,7.3,0
S0201,Hyderabad,Lucknow,1784.3,Rail,4.3,Rainy,,23.0,20.9,0
S0202,Mumbai,Mumbai,928.7,Truck,1.8,Rainy,4.2,14.7,13.9,0
S0203,Jaipur,Delhi,1770.8,Truck,6.3,Clear,,29.2,31.3,1
S0204,Hyderabad,Ahmedabad,256.1,Air,3.0,Rainy,2.0,1.0,1.5,1
S0205,Bangalore,Bangalore,1977.1,Truck,9.1,Clear,0.7,34.4,36.4,1
S0206,Kolkata,Delhi,914.4,Truck,8.1,Rainy,0.6,14.1,20.5,1
S0207,Kolkata,Mumbai,143.3,Truck,7.3,Stormy,,2.2,8.4,1
S0208,Bangalore,Bangalore,124.1,Air,6.6,Clear,1.5,1.2,0.5,0
S0209,Lucknow,Lucknow,1505.1,Truck,8.8,Rainy,1.5,23.6,28.7,1
S0210,Bangalore,Mumbai,1335.1,Truck,3.0,Rainy,31.6,18.1,18.8,0
S0211,Bangalore,Kolkata,1614.2,Truck,8.9,Foggy,1.0,25.2,31.0,1
S0212,Kolkata,Jaipur,255.5,Truck,8.1,Rainy,,5.0,10.5,1
S0213,Ahmedabad,Lucknow,119.4,Rail,7.7,Clear,0.5,1.4,1.6,1
S0214,Kolkata,Bangalore,1041.7,Rail,6.1,Clear,4.3,12.4,11.7,0
S0215,Jaipur,Ahmedabad,805.8,Truck,3.2,Clear,,18.8,19.1,0
S0216,Mumbai,Delhi,950.8,Rail,4.8,Rainy,2.3,9.8,13.9,1
S0217,Pune,Pune,1983.6,Truck,8.1,Clear,3.8,32.3,34.3,1
S0218,Ahmedabad,Delhi,1943.0,Air,1.3,,7.8,4.7,2.8,0
S0219,Delhi,Bangalore,1887.5,Air,8.0,Clear,,1.0,3.5,1
S0220,Pune,Delhi,1578.5,Truck,,Clear,15.8,25.9,26.5,0
S0221,Mumbai,Jaipur,741.9,Air,2.3,Clear,,1.0,0.9,0
S0222,Jaipur,Mumbai,853.7,Rail,2.0,Rainy,4.2,14.2,15.0,0
S0223,Jaipur,Pune,1121.8,Truck,1.2,Clear,1.0,18.0,15.8,0
S0224,Delhi,Chennai,1669.5,Truck,5.7,Clear,0.5,26.6,29.7,1
S0225,Ahmedabad,Bangalore,184.0,Truck,3.0,Clear,,4.6,2.1,0
S0226,Lucknow,Hyderabad,877.4,Rail,9.9,Clear,,11.1,11.2,0
S0227,Bangalore,Chennai,211.1,Air,6.2,Clear,,1.0,0.5,0
S0228,Ahmedabad,Delhi,1053.6,Rail,2.2,Rainy,,15.4,15.5,0
S0229,Lucknow,Bangalore,1802.9,Air,7.2,Clear,0.3,3.3,2.1,0
S0230,Jaipur,Kolkata,1575.8,Rail,9.1,Clear,3.8,18.2,22.3,1
S0231,Kolkata,Hyderabad,494.3,Rail,7.7,Rainy,13.7,9.8,9.7,0
S0232,Mumbai,Pune,1953.2,Rail,1.7,Stormy,4.6,27.5,32.3,1
S0233,Delhi,Ahmedabad,1351.3,Truck,9.1,Rainy,,21.3,24.2,1
S0234,Mumbai,Kolkata,70.3,Truck,8.1,Clear,8.1,2.5,4.4,1
S0235,Chennai,Chennai,548.1,Rail,2.4,Foggy,,6.0,7.8,1
S0236,Chennai,Mumbai,558.4,Truck,1.5,Stormy,7.4,6.4,8.8,1
S0237,Ahmedabad,Jaipur,185.0,Rail,6.0,Rainy,6.9,1.0,0.5,0
S0238,Jaipur,Ahmedabad,1921.7,Truck,2.4,Clear,1.3,30.6,30.5,0
S0239,Jaipur,Kolkata,982.6,Truck,8.5,Clear,0.3,15.0,15.9,0
S0240,Bangalore,Mumbai,1796.8,Rail,4.2,Rainy,3.6,23.4,25.8,1
S0241,Bangalore,Mumbai,678.3,Truck,9.2,Clear,,12.6,17.6,1
S0242,Bangalore,Bangalore,294.2,Truck,6.1,Clear,16.4,7.7,7.5,0
S0243,Kolkata,Kolkata,975.0,Truck,2.6,Rainy,1.7,17.5,18.8,1
S0244,Pune,Pune,272.2,Air,2.3,Rainy,,2.5,2.4,0
S0245,Hyderabad,Delhi,997.7,Truck,6.2,Clear,2.5,15.1,18.1,1
S0246,Pune,Hyderabad,1844.6,Air,7.9,Rainy,2.0,3.3,2.3,0
S0247,Mumbai,Hyderabad,1065.5,Truck,8.0,Clear,13.7,16.8,17.3,0
S0248,Pune,Chennai,1252.2,Air,3.5,Clear,2.3,1.0,0.5,0
S0249,Kolkata,Chennai,355.4,Air,2.8,Rainy,2.5,1.3,1.3,0
S0250,Mumbai,Hyderabad,135.3,Truck,1.2,Clear,0.6,1.4,2.6,1
S0251,Pune,Pune,266.1,Truck,7.1,Clear,,1.0,2.5,1
S0252,Kolkata,Jaipur,1217.1,Truck,1.7,Stormy,1.7,20.0,21.5,1
S0253,Hyderabad,Lucknow,235.3,Rail,4.8,Clear,4.4,3.7,3.4,0
S0254,Pune,Delhi,783.2,Truck,6.4,Clear,4.5,15.5,17.5,1
S0255,Kolkata,Jaipur,1122.7,Truck,9.4,Stormy,6.4,22.5,28.0,1
S0256,Bangalore,Bangalore,807.9,Truck,3.8,Rainy,,16.3,16.2,0
S0257,Jaipur,Lucknow,369.2,Truck,3.2,Rainy,3.6,5.9,6.4,0
S0258,Bangalore,Lucknow,583.9,Truck,6.9,Foggy,2.0,10.9,14.8,1
S0259,Jaipur,Kolkata,1860.2,Rail,6.6,Clear,9.1,21.5,22.4,0
S0260,Delhi,Pune,1368.2,Air,4.0,Rainy,1.9,1.2,0.5,0
S0261,Delhi,Pune,1017.3,Truck,9.4,Clear,3.5,16.9,17.0,0
S0262,Delhi,Lucknow,74.8,Truck,8.6,Rainy,2.6,3.1,7.2,1
S0263,Hyderabad,Kolkata,1985.2,Truck,3.0,Clear,9.7,33.0,31.9,0
S0264,Bangalore,Delhi,1359.3,Rail,3.2,Rainy,2.8,20.3,22.7,1
S0265,Jaipur,Lucknow,668.0,Air,5.6,Clear,2.4,3.7,3.5,0
S0266,Kolkata,Ahmedabad,1764.6,Air,8.0,Clear,5.9,1.0,1.0,0
S0267,Mumbai,Chennai,553.9,Air,1.4,Rainy,4.6,1.4,2.6,1
S0268,Kolkata,Chennai,1110.8,Truck,7.2,Rainy,0.6,19.1,21.5,1
S0269,Mumbai,Jaipur,1290.3,Rail,6.8,Rainy,,15.1,14.3,0
S0270,Chennai,Bangalore,481.1,Rail,3.1,Clear,6.6,7.1,7.9,1
S0271,Kolkata,Chennai,1957.9,Truck,7.1,Clear,24.2,34.0,35.5,1
S0272,Pune,Mumbai,1509.0,Air,9.5,Rainy,5.0,1.0,0.5,0
S0273,Pune,Jaipur,1137.7,Truck,1.4,Rainy,2.3,18.7,19.5,0
S0274,Ahmedabad,Chennai,402.2,Rail,3.9,Rainy,1.3,7.5,8.0,0
S0275,Bangalore,Bangalore,155.0,Truck,4.9,Foggy,10.3,1.0,3.4,1
S0276,Mumbai,Pune,674.1,Truck,9.1,Rainy,8.4,11.2,14.6,1
S0277,Mumbai,Pune,1518.7,Rail,9.7,Clear,1.3,15.8,16.2,0
S0278,Bangalore,Delhi,575.2,Truck,5.0,Rainy,,10.0,10.8,0
S0279,Hyderabad,Lucknow,1102.1,Truck,7.8,Foggy,6.3,19.9,23.7,1
S0280,Ahmedabad,Ahmedabad,1469.5,Truck,5.8,Rainy,1.9,24.6,27.5,1
S0281,Hyderabad,Pune,260.5,Rail,5.8,Rainy,1.8,5.1,6.0,1
S0282,Hyderabad,Kolkata,1386.3,Truck,3.5,Rainy,0.8,21.7,23.5,1
S0283,Hyderabad,Chennai,229.1,Truck,3.0,Clear,1.5,4.9,1.5,0
S0284,Bangalore,Kolkata,1932.0,Air,3.6,Clear,2.8,1.0,2.0,1
S0285,Hyderabad,Bangalore,1002.4,Rail,,Clear,6.6,14.9,16.5,1
S0286,Pune,Pune,343.8,Truck,1.3,Stormy,,7.5,10.1,1
S0287,Delhi,Ahmedabad,717.6,Rail,9.2,Rainy,2.0,6.9,6.9,0
S0288,Chennai,Bangalore,856.2,Rail,2.4,Clear,1.7,6.7,8.9,1
S0289,Mumbai,Mumbai,1528.5,Air,3.0,Foggy,3.3,1.0,0.7,0
S0290,Mumbai,Mumbai,1499.7,Truck,5.7,Clear,,27.1,25.3,0
S0291,Chennai,Kolkata,1243.3,Truck,7.4,Clear,3.3,18.3,20.1,1
S0292,Bangalore,Lucknow,256.6,Truck,1.9,Rainy,,5.3,5.9,1
S0293,Kolkata,Jaipur,345.6,Truck,3.9,Rainy,0.2,5.7,10.0,1
S0294,Bangalore,Lucknow,232.8,Truck,9.7,Clear,,5.2,8.5,1
S0295,Mumbai,Delhi,1175.5,Truck,3.4,Clear,0.4,21.1,20.8,0
S0296,Mumbai,Lucknow,1760.4,Rail,3.8,Clear,3.8,26.4,23.0,0
S0297,Chennai,Delhi,895.9,Truck,,Clear,9.6,17.8,21.0,1
S0298,Hyderabad,Delhi,363.7,Truck,,Clear,0.0,6.6,5.9,0
S0299,Bangalore,Ahmedabad,1138.2,Air,5.2,Clear,,1.3,3.0,1
S0300,Jaipur,Pune,1632.9,Truck,4.4,Clear,0.6,27.1,26.6,0
S0301,Chennai,Ahmedabad,1496.3,Truck,3.8,Clear,9.2,26.7,28.5,1
S0302,Pune,Delhi,1768.8,Rail,3.6,Clear,3.3,18.3,21.9,1
S0303,Mumbai,Bangalore,591.9,Truck,1.8,Clear,,7.8,5.0,0
S0304,Chennai,Mumbai,428.2,Rail,3.8,Foggy,3.6,2.9,3.5,1
S0305,Bangalore,Delhi,1765.6,Rail,1.4,Rainy,3.2,19.5,17.9,0
S0306,Mumbai,Ahmedabad,1332.2,Truck,8.0,Clear,9.0,20.8,22.5,1
S0307,Kolkata,Bangalore,656.3,Rail,4.6,Clear,,8.7,10.7,1
S0308,Chennai,Ahmedabad,1497.6,Truck,5.0,Clear,3.3,27.4,29.1,1
S0309,Ahmedabad,Lucknow,1639.5,Truck,9.0,Clear,0.6,26.8,26.9,0
S0310,Mumbai,Chennai,1249.2,Truck,6.9,Clear,0.6,17.1,20.4,1
S0311,Bangalore,Kolkata,1391.4,Truck,1.1,Clear,8.1,24.9,22.0,0
S0312,Delhi,Jaipur,781.8,Air,9.5,Clear,3.8,1.0,0.5,0
S0313,Jaipur,Ahmedabad,1100.5,Truck,3.1,Rainy,3.3,18.7,20.2,1
S0314,Lucknow,Jaipur,1072.1,Truck,2.0,Clear,5.7,20.0,17.8,0
S0315,Hyderabad,Hyderabad,1703.7,Truck,7.9,Clear,9.8,27.9,31.0,1
S0316,Lucknow,Ahmedabad,1687.9,Truck,5.5,Rainy,5.0,23.9,26.6,1
S0317,Bangalore,Chennai,1673.7,Truck,4.9,Clear,,27.2,28.5,1
S0318,Pune,Jaipur,71.5,Truck,3.2,Clear,,2.2,0.5,0
S0319,Pune,Delhi,1511.6,Rail,5.9,Clear,2.2,17.9,14.7,0
S0320,Delhi,Ahmedabad,1529.4,Truck,3.5,Clear,,27.0,27.2,0
S0321,Hyderabad,Pune,1372.8,Truck,9.1,Rainy,8.1,25.7,29.1,1
S0322,Ahmedabad,Kolkata,1524.7,Truck,2.9,Clear,,27.2,24.8,0
S0323,Delhi,Chennai,1691.8,Truck,9.0,Clear,11.7,22.8,24.6,1
S0324,Lucknow,Jaipur,967.1,Air,6.0,Clear,0.4,1.0,0.5,0
S0325,Delhi,Chennai,1029.0,Truck,8.5,Clear,0.3,18.9,23.4,1
S0326,Lucknow,Bangalore,293.2,Truck,,Foggy,13.1,5.1,7.5,1
S0327,Mumbai,Kolkata,801.5,Truck,7.3,Rainy,,13.5,15.9,1
S0328,Pune,Delhi,1304.6,Rail,3.9,Clear,2.4,17.4,15.3,0
S0329,Mumbai,Ahmedabad,1571.8,Rail,3.1,Clear,,17.5,16.5,0
S0330,Jaipur,Ahmedabad,473.6,Truck,2.9,Clear,5.6,9.0,7.5,0
S0331,Hyderabad,Ahmedabad,318.8,Rail,8.7,Foggy,3.8,6.7,8.5,1
S0332,Ahmedabad,Kolkata,1342.9,Rail,8.4,Clear,0.5,15.2,16.5,1
S0333,Lucknow,Pune,53.7,Air,5.0,Clear,8.4,1.0,1.7,1
S0334,Ahmedabad,Hyderabad,397.8,Rail,2.2,Clear,10.1,6.7,8.3,1
S0335,Lucknow,Mumbai,106.7,Truck,4.4,Clear,0.9,2.2,5.1,1
S0336,Bangalore,Lucknow,375.4,Truck,6.6,Clear,9.5,7.1,8.1,1
S0337,Delhi,Jaipur,403.6,Truck,5.1,Clear,10.5,6.1,5.2,0
S0338,Jaipur,Pune,806.0,Truck,8.0,Clear,4.0,14.3,15.9,1
S0339,Pune,Delhi,834.5,Air,10.0,Clear,5.3,1.7,2.4,1
S0340,Lucknow,Jaipur,1754.8,Truck,2.7,Clear,2.4,29.8,32.0,1
S0341,Ahmedabad,Ahmedabad,1044.7,Truck,5.1,Foggy,,16.4,18.8,1
S0342,Jaipur,Chennai,1460.6,Rail,4.9,Clear,6.4,17.8,14.1,0
S0343,Kolkata,Delhi,253.1,Truck,3.7,Clear,,3.8,2.0,0
S0344,Kolkata,Jaipur,489.6,Truck,2.8,Rainy,5.3,8.0,8.9,1
S0345,Mumbai,Ahmedabad,1420.7,Truck,1.6,Clear,,24.4,22.2,0
S0346,Pune,Jaipur,153.0,Truck,9.0,,0.9,1.7,7.6,1
S0347,Bangalore,Chennai,998.9,Rail,4.8,Rainy,0.3,10.9,8.5,0
S0348,Ahmedabad,Ahmedabad,1218.8,Truck,5.5,Clear,3.0,20.6,22.7,1
S0349,Delhi,Hyderabad,1224.2,Truck,9.3,Foggy,0.3,21.8,26.6,1
S0350,Delhi,Pune,94.7,Truck,8.0,Clear,4.2,4.1,7.2,1
S0351,Ahmedabad,Bangalore,678.1,Truck,2.2,Clear,2.4,10.6,10.0,0
S0352,Hyderabad,Lucknow,1291.2,Rail,6.1,Clear,7.1,16.7,16.6,0
S0353,Bangalore,Kolkata,340.5,Truck,5.0,Clear,,7.9,8.0,0
S0354,Jaipur,Lucknow,1406.1,Truck,8.2,Rainy,4.5,22.4,22.1,0
S0355,Lucknow,Delhi,1504.6,Air,7.5,Rainy,3.9,1.0,0.5,0
S0356,Hyderabad,Lucknow,1964.8,Rail,7.2,Rainy,0.0,24.5,23.0,0
S0357,Lucknow,Ahmedabad,459.2,Truck,4.1,Stormy,,8.9,14.3,1
S0358,Lucknow,Hyderabad,1659.0,Truck,8.2,Rainy,1.7,27.6,30.3,1
S0359,Hyderabad,Bangalore,1064.6,Rail,1.5,Rainy,10.7,13.9,16.7,1
S0360,Mumbai,Pune,778.3,Rail,2.4,Clear,0.8,12.9,11.1,0
S0361,Kolkata,Pune,288.6,Truck,4.0,Clear,6.2,1.9,0.5,0
S0362,Lucknow,Chennai,1484.2,Air,1.7,Clear,18.1,1.0,1.4,1
S0363,Hyderabad,Kolkata,509.9,Truck,3.1,Rainy,7.8,7.4,7.2,0
S0364,Hyderabad,Jaipur,774.3,Truck,8.5,Clear,1.4,15.0,18.2,1
S0365,Chennai,Hyderabad,172.0,Truck,9.5,Clear,11.9,1.0,4.7,1
S0366,Mumbai,Jaipur,1612.7,Truck,3.7,Clear,0.5,27.9,28.9,0
S0367,Pune,Bangalore,1544.8,Rail,3.4,Clear,,18.2,18.1,0
S0368,Chennai,Lucknow,1480.6,Truck,3.5,Clear,,20.7,21.5,0
S0369,Chennai,Pune,633.9,Truck,3.5,Clear,5.1,8.6,6.5,0
S0370,Ahmedabad,Bangalore,388.3,Air,1.3,Rainy,2.7,1.0,3.7,1
S0371,Kolkata,Lucknow,1293.2,Truck,9.3,Clear,1.7,20.2,24.4,1
S0372,Hyderabad,Pune,1017.5,Truck,,Rainy,,16.9,16.9,0
S0373,Kolkata,Lucknow,397.6,Truck,4.8,Clear,,4.6,3.8,0
S0374,Bangalore,Kolkata,1387.5,Truck,1.1,Clear,1.9,23.0,22.5,0
S0375,Ahmedabad,Hyderabad,1982.7,Truck,8.7,Clear,,32.1,33.4,1
S0376,Pune,Delhi,1507.1,Rail,7.6,Clear,13.5,17.1,15.3,0
S0377,Kolkata,Bangalore,1493.0,Truck,9.5,Clear,,22.3,26.3,1
S0378,Delhi,Bangalore,1903.1,Truck,8.0,Clear,,30.7,31.8,1
S0379,Lucknow,Mumbai,445.7,Rail,3.8,Clear,5.9,4.2,3.8,0
S0380,Bangalore,Ahmedabad,1152.8,Rail,3.2,Clear,11.7,15.2,14.4,0
S0381,Mumbai,Kolkata,1960.3,Truck,7.3,Clear,9.5,33.0,36.3,1
S0382,Pune,Kolkata,372.3,Truck,4.3,Rainy,2.7,4.6,5.9,1
S0383,Bangalore,Jaipur,1415.5,Truck,6.1,Rainy,0.6,24.9,30.5,1
S0384,Lucknow,Lucknow,1192.3,Truck,1.1,Clear,,17.4,13.8,0
S0385,Ahmedabad,Ahmedabad,1193.6,Truck,1.6,Stormy,4.3,19.9,22.0,1
S0386,Lucknow,Hyderabad,1410.5,Truck,5.8,Clear,5.1,24.9,26.1,1
S0387,Chennai,Hyderabad,1862.8,Air,6.1,Rainy,,2.6,4.2,1
S0388,Lucknow,Kolkata,1576.0,Truck,7.8,Rainy,1.7,24.9,29.2,1
S0389,Chennai,Hyderabad,159.5,Rail,2.2,Rainy,0.9,1.0,1.3,1
S0390,Ahmedabad,Mumbai,1712.8,Truck,5.6,Clear,2.4,25.6,24.7,0
S0391,Jaipur,Bangalore,489.8,Rail,2.8,Clear,2.2,9.5,7.0,0
S0392,Chennai,Chennai,785.0,Rail,1.8,Clear,0.7,9.4,11.0,1
S0393,Mumbai,Delhi,950.4,Rail,,Clear,5.6,16.3,16.6,0
S0394,Lucknow,Jaipur,987.8,Truck,2.5,Clear,3.6,16.9,15.8,0
S0395,Lucknow,Lucknow,898.6,Truck,3.0,Clear,6.4,17.1,16.7,0
S0396,Mumbai,Delhi,1877.8,Truck,,Clear,2.2,30.1,31.7,1
S0397,Delhi,Lucknow,1426.7,Rail,3.3,Clear,2.0,16.9,14.8,0
S0398,Hyderabad,Pune,1280.8,Truck,1.8,Rainy,3.2,18.2,18.5,0
S0399,Jaipur,Delhi,147.2,Truck,1.8,Foggy,10.5,2.7,4.0,1
S0400,Pune,Chennai,1812.6,Truck,2.7,Foggy,,31.5,32.2,0
S0401,Chennai,Kolkata,1823.3,Truck,1.5,Clear,,32.4,30.9,0
S0402,Mumbai,Mumbai,1571.4,Truck,6.6,Rainy,2.3,23.6,24.6,0
S0403,Ahmedabad,Bangalore,63.7,Truck,3.6,Foggy,9.6,3.6,1.1,0
S0404,Chennai,Bangalore,161.7,Air,3.5,Clear,8.1,1.0,5.5,1
S0405,Hyderabad,Mumbai,489.2,Rail,4.0,Clear,2.1,7.0,7.0,0
S0406,Ahmedabad,Ahmedabad,306.1,Air,7.0,Foggy,5.9,1.0,3.9,1
S0407,Bangalore,Pune,827.7,Truck,8.8,Clear,0.9,16.2,19.9,1
S0408,Lucknow,Lucknow,1849.1,Air,7.8,Clear,11.3,2.6,3.5,1
S0409,Bangalore,Chennai,970.5,Rail,7.5,Clear,,11.8,10.5,0
S0410,Chennai,Hyderabad,76.1,Rail,5.4,Clear,3.0,2.9,3.0,0
S0411,Hyderabad,Delhi,601.4,Rail,7.2,Rainy,6.1,8.6,8.4,0
S0412,Jaipur,Pune,137.0,Truck,6.0,Rainy,8.6,3.2,5.7,1
S0413,Chennai,Delhi,120.8,Rail,2.9,Clear,1.3,1.3,1.7,1
S0414,Mumbai,Chennai,587.7,Truck,2.9,Clear,5.4,15.7,15.9,0
S0415,Kolkata,Jaipur,587.4,Truck,3.7,Clear,2.5,15.0,14.7,0
S0416,Chennai,Jaipur,1584.9,Truck,9.2,Clear,2.3,25.8,26.7,0
S0417,Lucknow,Pune,1950.9,Air,5.9,,5.9,6.0,4.6,0
S0418,Lucknow,Kolkata,773.9,Air,,Foggy,,4.7,3.7,0
S0419,Chennai,Chennai,886.3,Air,4.1,Clear,2.1,3.0,0.7,0
S0420,Ahmedabad,Chennai,1697.3,Rail,4.7,Clear,9.0,20.3,20.4,0
S0421,Kolkata,Mumbai,572.9,Truck,2.1,Rainy,0.5,8.4,9.5,1
S0422,Mumbai,Kolkata,354.9,Truck,2.5,Clear,5.6,5.6,5.5,0
S0423,Chennai,Lucknow,1713.5,Truck,8.4,Rainy,,24.4,27.5,1
S0424,Ahmedabad,Lucknow,140.7,Truck,6.3,Rainy,,4.9,8.6,1
S0425,Lucknow,Hyderabad,1258.4,Truck,4.0,Rainy,0.9,23.5,26.9,1
S0426,Lucknow,Bangalore,1145.9,Truck,8.2,Clear,4.7,16.9,19.5,1
S0427,Hyderabad,Jaipur,724.5,Truck,3.2,Clear,6.2,12.3,14.8,1
S0428,Chennai,Lucknow,664.6,Air,9.8,Clear,0.1,2.6,3.3,1
S0429,Kolkata,Kolkata,1555.1,Truck,4.1,Clear,0.2,27.3,28.5,1
S0430,Delhi,Chennai,218.5,Air,,Rainy,11.6,1.2,0.8,0
S0431,Kolkata,Lucknow,511.7,Rail,3.8,Rainy,0.4,7.5,9.3,1
S0432,Lucknow,Chennai,1478.3,Truck,2.1,Rainy,11.2,26.8,28.7,1
S0433,Lucknow,Lucknow,1119.2,Truck,2.0,Foggy,1.3,21.7,24.0,1
S0434,Bangalore,Jaipur,299.6,Truck,6.8,Rainy,6.7,6.3,7.4,1
S0435,Lucknow,Delhi,1770.2,Truck,8.9,Clear,,27.2,29.0,1
S0436,Mumbai,Lucknow,817.2,Rail,8.1,Clear,9.8,10.3,12.4,1
S0437,Pune,Kolkata,1664.3,Truck,2.3,Rainy,6.0,22.2,21.3,0
S0438,Chennai,Lucknow,1586.0,Truck,5.9,Clear,2.6,26.0,25.3,0
S0439,Kolkata,Bangalore,1267.6,Truck,2.0,Clear,,19.5,17.5,0
S0440,Pune,Jaipur,1014.2,Air,1.4,Clear,6.6,1.0,0.5,0
S0441,Ahmedabad,Kolkata,1960.1,Rail,6.9,Rainy,,27.2,28.3,1
S0442,Delhi,Mumbai,332.7,Rail,5.8,Clear,,5.7,5.8,0
S0443,Mumbai,Kolkata,1464.1,Truck,,Rainy,0.0,26.4,29.0,1
S0444,Kolkata,Bangalore,422.8,Rail,1.3,Rainy,8.3,6.5,5.5,0
S0445,Pune,Delhi,709.6,Rail,9.9,Clear,1.5,8.0,9.9,1
S0446,Delhi,Jaipur,652.0,Rail,1.3,Clear,5.1,7.1,5.2,0
S0447,Bangalore,Mumbai,1896.7,Air,5.0,Clear,,1.6,4.0,1
S0448,Mumbai,Bangalore,1936.3,Truck,5.5,Rainy,10.0,31.2,33.9,1
S0449,Mumbai,Bangalore,406.9,Air,2.1,Rainy,12.4,1.0,2.1,1
S0450,Bangalore,Pune,93.0,Air,2.5,Foggy,28.7,1.2,0.5,0
S0451,Chennai,Jaipur,1454.0,Truck,4.2,Clear,0.8,24.8,22.6,0
S0452,Bangalore,Kolkata,865.1,Truck,7.9,Clear,9.9,13.3,14.7,1
S0453,Mumbai,Chennai,223.2,Air,5.6,Clear,1.5,4.0,4.5,1
S0454,Mumbai,Delhi,1383.3,Truck,6.7,Rainy,,21.5,24.1,1
S0455,Pune,Chennai,1113.0,Truck,9.9,Clear,3.5,20.4,21.8,1
S0456,Lucknow,Kolkata,1962.0,Air,,Clear,0.1,5.0,4.2,0
S0457,Delhi,Kolkata,493.4,Truck,4.9,Clear,,6.4,5.9,0
S0458,Bangalore,Jaipur,837.8,Truck,5.0,Clear,0.4,10.7,8.4,0
S0459,Delhi,Kolkata,1108.0,Truck,,Clear,5.8,18.3,19.0,0
S0460,Bangalore,Pune,1593.8,Truck,7.0,Clear,7.7,27.1,27.9,0
S0461,Ahmedabad,Mumbai,1120.2,Truck,5.5,Clear,,23.3,24.1,0
S0462,Mumbai,Kolkata,1245.2,Truck,6.8,Clear,0.7,18.0,18.0,0
S0463,Lucknow,Chennai,491.0,Rail,1.2,Rainy,3.0,6.1,5.7,0
S0464,Pune,Kolkata,1701.5,Truck,4.9,Rainy,8.8,25.9,27.8,1
S0465,Lucknow,Pune,885.8,Rail,3.5,Clear,1.8,11.0,13.6,1
S0466,Lucknow,Lucknow,324.9,Rail,2.2,Rainy,3.2,2.2,1.8,0
S0467,Lucknow,Lucknow,1345.2,Truck,1.9,Clear,1.6,25.6,25.1,0
S0468,Delhi,Bangalore,471.4,Rail,6.4,Clear,3.1,4.0,3.1,0
S0469,Bangalore,Delhi,240.2,Truck,5.7,Foggy,10.9,1.6,3.5,1
S0470,Jaipur,Hyderabad,1730.9,Truck,3.3,,3.0,30.9,34.8,1
S0471,Ahmedabad,Mumbai,947.3,Truck,5.2,Rainy,4.1,12.8,16.2,1
S0472,Kolkata,Ahmedabad,1511.1,Air,5.4,Clear,,2.5,2.1,0
S0473,Lucknow,Bangalore,616.6,Truck,2.8,Clear,3.1,9.4,5.7,0
S0474,Chennai,Delhi,1584.6,Truck,6.9,Foggy,0.1,27.7,29.1,1
S0475,Delhi,Lucknow,268.3,Rail,8.0,Clear,1.7,1.9,2.8,1
S0476,Pune,Chennai,744.1,Truck,8.1,Clear,2.9,8.8,8.6,0
S0477,Kolkata,Ahmedabad,1957.2,Truck,6.4,Rainy,5.0,35.1,37.9,1
S0478,Jaipur,Delhi,1598.3,Truck,5.6,Rainy,3.0,25.3,28.1,1
S0479,Chennai,Delhi,1019.6,Rail,1.5,Foggy,2.1,14.1,16.5,1
S0480,Jaipur,Bangalore,712.6,Rail,3.6,,2.5,6.7,5.4,0
S0481,Kolkata,Ahmedabad,1750.7,Truck,1.8,Foggy,1.4,30.4,31.9,1
S0482,Lucknow,Jaipur,1112.5,Truck,9.7,Clear,12.9,15.9,16.7,0
S0483,Chennai,Hyderabad,1528.9,Truck,2.2,Clear,3.7,25.1,23.8,0
S0484,Jaipur,Jaipur,1520.5,Rail,2.4,Rainy,,19.1,17.2,0
S0485,Pune,Ahmedabad,85.0,Truck,9.0,Clear,0.1,1.5,3.4,1
S0486,Bangalore,Jaipur,296.2,Truck,9.5,Clear,18.1,2.6,4.8,1
S0487,Mumbai,Pune,1336.3,Truck,7.9,Rainy,1.3,22.0,27.4,1
S0488,Bangalore,Lucknow,365.2,Truck,1.0,Clear,8.2,4.4,2.7,0
S0489,Kolkata,Pune,548.2,Truck,1.0,Clear,0.3,6.0,4.5,0
S0490,Delhi,Kolkata,1895.9,Truck,4.4,Clear,12.7,32.5,33.0,0
S0491,Mumbai,Jaipur,1142.4,Truck,2.3,Clear,10.4,20.1,20.0,0
S0492,Ahmedabad,Kolkata,1513.9,Rail,1.2,Clear,,18.0,18.9,0
S0493,Pune,Chennai,1138.1,Truck,5.2,Rainy,0.0,22.7,25.1,1
S0494,Ahmedabad,Mumbai,1127.4,Air,9.5,Rainy,1.5,4.4,5.7,1
S0495,Chennai,Chennai,233.6,Truck,3.9,Clear,2.6,3.4,2.9,0
S0496,Mumbai,Ahmedabad,720.1,Rail,7.0,Rainy,3.1,9.2,10.6,1
S0497,Ahmedabad,Delhi,600.7,Rail,6.9,Clear,1.8,8.3,7.9,0
S0498,Ahmedabad,Lucknow,811.9,Truck,3.3,Clear,0.2,9.4,10.5,1
S0499,Jaipur,Jaipur,1606.8,Truck,6.9,Rainy,4.5,22.9,23.8,0
S0500,Bangalore,Bangalore,775.3,Rail,2.9,Clear,3.7,8.9,7.2,0
S0501,Jaipur,Mumbai,930.8,Truck,2.1,Stormy,,16.1,18.5,1
S0502,Mumbai,Hyderabad,824.9,Air,7.3,Clear,0.2,2.7,0.5,0
S0503,Mumbai,Hyderabad,232.1,Truck,2.0,Rainy,26.1,2.5,3.1,1
S0504,Kolkata,Hyderabad,910.1,Air,10.0,Clear,3.3,1.4,2.4,1
S0505,Jaipur,Jaipur,431.4,Truck,2.7,,7.1,5.4,3.5,0
S0506,Hyderabad,Hyderabad,414.1,Rail,6.3,Clear,3.0,6.2,3.1,0
S0507,Bangalore,Pune,233.4,Rail,4.7,Rainy,0.2,3.7,5.2,1
S0508,Mumbai,Mumbai,745.5,Rail,2.1,Clear,1.9,6.7,6.4,0
S0509,Kolkata,Pune,1527.1,Truck,1.3,Foggy,1.9,28.4,29.6,1
S0510,Jaipur,Delhi,589.1,Rail,6.6,Clear,9.1,8.3,9.7,1
S0511,Bangalore,Mumbai,659.1,Truck,8.3,Clear,5.3,14.6,16.3,1
S0512,Jaipur,Pune,1303.2,Rail,8.6,Clear,1.6,15.5,17.2,1
S0513,Ahmedabad,Mumbai,431.9,Truck,5.3,Rainy,17.2,6.8,7.6,1
S0514,Kolkata,Delhi,1799.1,Air,8.0,Foggy,1.9,1.5,2.5,1
S0515,Bangalore,Kolkata,1064.4,Truck,7.1,Clear,31.7,16.8,17.3,0
S0516,Lucknow,Jaipur,922.8,Rail,,Rainy,27.8,9.5,11.6,1
S0517,Chennai,Jaipur,1137.7,Air,5.4,Clear,1.1,1.0,0.5,0
S0518,Chennai,Hyderabad,373.8,Rail,6.7,Rainy,1.9,3.5,4.9,1
S0519,Bangalore,Chennai,1246.3,Truck,8.2,Foggy,3.3,21.9,24.4,1
S0520,Jaipur,Hyderabad,758.0,Truck,4.6,Clear,5.5,12.7,12.9,0
S0521,Kolkata,Ahmedabad,1799.5,Air,8.3,Clear,,1.2,0.5,0
S0522,Chennai,Pune,379.3,Truck,6.3,Stormy,,7.4,11.3,1
S0523,Kolkata,Mumbai,1038.7,Truck,2.5,Foggy,6.4,18.2,18.9,0
S0524,Chennai,Chennai,1216.3,Rail,1.2,Clear,1.2,15.3,15.0,0
S0525,Ahmedabad,Delhi,115.1,Rail,4.3,Clear,0.6,1.0,0.5,0
S0526,Jaipur,Ahmedabad,759.2,Truck,5.9,Clear,,11.4,13.0,1
S0527,Ahmedabad,Delhi,1478.6,Rail,8.6,Clear,,21.3,23.3,1
S0528,Chennai,Jaipur,1649.7,Rail,2.1,Rainy,7.7,20.9,23.0,1
S0529,Lucknow,Jaipur,660.7,Truck,8.2,Rainy,1.9,10.4,12.6,1
S0530,Lucknow,Hyderabad,1607.3,Air,8.8,Clear,2.0,6.1,6.9,1
S0531,Ahmedabad,Pune,1937.1,Truck,2.4,Clear,,29.2,30.5,1
S0532,Lucknow,Chennai,1720.9,Truck,8.7,Clear,6.0,27.2,28.3,1
S0533,Chennai,Lucknow,279.4,Truck,9.9,Clear,0.6,6.7,12.0,1
S0534,Bangalore,Ahmedabad,1492.5,Truck,7.5,Clear,7.4,22.9,26.3,1
S0535,Ahmedabad,Ahmedabad,673.4,Air,8.1,Clear,,2.7,1.5,0
S0536,Delhi,Hyderabad,1977.4,Truck,,Clear,7.7,32.5,37.2,1
S0537,Jaipur,Jaipur,996.5,Truck,6.4,Clear,4.4,13.5,16.3,1
S0538,Lucknow,Hyderabad,288.7,Truck,3.8,Clear,0.4,6.5,7.6,1
S0539,Lucknow,Mumbai,1464.1,Truck,8.5,Clear,7.3,24.7,29.4,1
S0540,Mumbai,Chennai,679.9,Truck,6.5,Clear,0.4,15.6,16.3,0
S0541,Hyderabad,Pune,1994.3,Truck,6.2,Clear,,34.5,38.1,1
S0542,Ahmedabad,Kolkata,1960.6,Truck,3.3,Clear,0.9,31.1,31.4,0
S0543,Pune,Bangalore,1329.5,Air,7.8,Clear,7.0,3.9,0.9,0
S0544,Lucknow,Bangalore,303.2,Truck,1.7,Clear,12.1,6.7,3.4,0
S0545,Jaipur,Hyderabad,1389.4,Truck,9.3,Rainy,4.0,23.5,29.4,1
S0546,Delhi,Mumbai,231.4,Truck,3.9,,3.7,1.0,3.2,1
S0547,Lucknow,Chennai,107.3,Rail,2.1,Rainy,7.2,5.4,4.6,0
S0548,Delhi,Lucknow,1654.8,Truck,5.0,Clear,0.0,28.7,31.7,1
S0549,Chennai,Bangalore,459.0,Truck,1.4,Foggy,12.5,4.5,5.3,1
S0550,Chennai,Chennai,789.1,Truck,7.2,Rainy,1.1,15.2,20.0,1
S0551,Hyderabad,Pune,1948.2,Air,9.1,Clear,,3.0,1.5,0
S0552,Bangalore,Delhi,706.8,Truck,8.5,Clear,6.7,14.6,16.4,1
S0553,Pune,Mumbai,628.2,Rail,2.1,Foggy,7.4,6.0,6.1,0
S0554,Mumbai,Jaipur,1840.5,Truck,2.1,Clear,5.3,31.4,27.6,0
S0555,Hyderabad,Chennai,266.0,Truck,8.3,Clear,3.2,4.5,5.7,1
S0556,Kolkata,Pune,1531.2,Rail,9.3,Rainy,4.2,21.8,19.1,0
S0557,Mumbai,Lucknow,1976.7,Truck,5.1,Rainy,,34.8,39.2,1
S0558,Ahmedabad,Kolkata,1807.5,Air,5.5,Clear,,1.0,0.5,0
S0559,Jaipur,Jaipur,1320.8,Air,3.9,,,5.5,4.1,0
S0560,Kolkata,Kolkata,662.4,Air,9.0,Clear,,7.1,4.4,0
S0561,Kolkata,Lucknow,545.9,Truck,6.8,Rainy,3.5,9.4,12.4,1
S0562,Hyderabad,Pune,1647.5,Rail,3.6,Clear,0.4,20.2,21.3,1
S0563,Bangalore,Bangalore,1765.7,Truck,3.7,Clear,1.8,30.5,30.1,0
S0564,Hyderabad,Kolkata,1074.6,Air,9.0,Rainy,5.3,1.0,2.6,1
S0565,Ahmedabad,Jaipur,526.5,Rail,1.1,Clear,1.4,7.8,8.3,0
S0566,Lucknow,Hyderabad,270.2,Rail,,Rainy,1.6,4.6,6.0,1
S0567,Lucknow,Ahmedabad,220.0,Truck,6.0,Clear,8.6,2.1,3.5,1
S0568,Bangalore,Chennai,1452.2,Truck,2.3,Clear,4.4,23.1,23.0,0
S0569,Ahmedabad,Bangalore,869.2,Truck,1.8,Rainy,3.6,14.1,15.5,1
S0570,Bangalore,Kolkata,1815.5,Rail,8.3,Clear,1.9,21.8,23.1,1
S0571,Delhi,Delhi,1492.4,Truck,9.0,Clear,6.6,22.9,25.0,1
S0572,Lucknow,Chennai,423.0,Truck,8.4,Clear,1.7,9.0,12.0,1
S0573,Kolkata,Hyderabad,1246.9,Rail,9.1,Rainy,6.7,16.0,18.7,1
S0574,Pune,Lucknow,899.2,Truck,6.0,Foggy,0.4,17.0,21.2,1
S0575,Jaipur,Ahmedabad,1175.6,Truck,8.3,Stormy,,20.9,28.0,1
S0576,Ahmedabad,Pune,1489.2,Truck,4.5,Clear,,28.1,27.4,0
S0577,Mumbai,Hyderabad,1622.1,Truck,7.0,Clear,2.9,29.1,30.9,1
S0578,Bangalore,Hyderabad,1695.3,Truck,9.9,Clear,,27.5,30.0,1
S0579,Jaipur,Lucknow,545.3,Truck,3.0,Rainy,4.9,9.5,9.2,0
S0580,Mumbai,Mumbai,110.7,Truck,4.5,Clear,0.7,3.6,4.0,1
S0581,Jaipur,Lucknow,1491.6,Truck,,Stormy,7.1,25.0,31.2,1
S0582,Pune,Mumbai,257.4,Rail,2.2,Clear,1.6,3.5,6.1,1
S0583,Mumbai,Mumbai,664.1,Truck,1.7,Stormy,11.8,10.0,10.7,0
S0584,Hyderabad,Bangalore,57.4,Truck,8.5,Rainy,,1.0,0.5,0
S0585,Chennai,Bangalore,1379.3,Air,9.8,Rainy,2.1,3.8,2.2,0
S0586,Hyderabad,Jaipur,375.9,Truck,4.6,Clear,8.2,5.0,5.9,1
S0587,Lucknow,Kolkata,1327.8,Truck,1.8,Clear,2.2,22.4,20.6,0
S0588,Chennai,Kolkata,1983.9,Rail,1.6,Clear,0.5,20.7,23.1,1
S0589,Hyderabad,Pune,191.7,Air,9.0,Clear,,1.7,4.8,1
S0590,Chennai,Kolkata,200.3,Rail,5.2,Clear,5.3,1.3,0.5,0
S0591,Chennai,Bangalore,713.7,Rail,3.9,Clear,3.0,10.9,10.8,0
S0592,Kolkata,Jaipur,1739.5,Rail,5.3,Clear,2.5,23.0,25.6,1
S0593,Bangalore,Jaipur,470.3,Truck,3.9,Rainy,2.0,8.6,10.8,1
S0594,Bangalore,Mumbai,752.7,Rail,5.4,Rainy,19.9,9.9,7.4,0
S0595,Kolkata,Lucknow,183.6,Truck,8.7,Clear,0.7,5.3,9.7,1
S0596,Jaipur,Pune,1538.2,Air,6.3,Stormy,,3.3,2.5,0
S0597,Delhi,Mumbai,846.2,Truck,7.3,Clear,3.3,13.9,17.3,1
S0598,Jaipur,Lucknow,1530.5,Truck,4.3,Clear,3.3,24.4,26.0,1
S0599,Mumbai,Kolkata,1812.0,Truck,7.6,Clear,,30.3,32.9,1
S0600,Mumbai,Mumbai,503.9,Rail,7.0,Rainy,1.0,5.5,5.9,0
S0601,Chennai,Chennai,1624.4,Truck,2.1,Clear,,27.9,25.1,0
S0602,Hyderabad,Kolkata,165.2,Air,6.2,Clear,1.5,1.0,0.5,0
S0603,Hyderabad,Lucknow,1802.8,Rail,3.3,Rainy,,21.3,22.3,0
S0604,Bangalore,Pune,1319.0,Truck,8.2,Clear,,24.2,26.8,1
S0605,Ahmedabad,Lucknow,1754.7,Rail,4.8,Rainy,7.1,19.2,20.7,1
S0606,Jaipur,Mumbai,50.4,Rail,10.0,Foggy,7.1,1.0,2.4,1
S0607,Lucknow,Mumbai,379.7,Rail,1.8,Stormy,,2.5,4.5,1
S0608,Pune,Hyderabad,810.0,Truck,,Clear,10.9,11.6,13.3,1
S0609,Hyderabad,Pune,790.0,Truck,7.1,,,12.8,14.8,1
S0610,Pune,Delhi,492.1,Truck,7.9,Clear,1.3,8.2,8.0,0
S0611,Chennai,Kolkata,794.1,Truck,3.8,Clear,,13.8,10.8,0
S0612,Pune,Jaipur,301.3,Air,5.4,Clear,1.5,1.0,0.5,0
S0613,Lucknow,Pune,854.9,Truck,8.2,Clear,6.6,13.4,12.5,0
S0614,Kolkata,Jaipur,1614.6,Rail,3.1,Stormy,,22.9,28.6,1
S0615,Lucknow,Pune,984.2,Truck,3.0,Foggy,10.4,20.9,23.1,1
S0616,Pune,Pune,85.1,Truck,6.0,Clear,0.4,1.0,1.8,1
S0617,Lucknow,Lucknow,871.8,Rail,5.7,Clear,12.3,10.0,12.9,1
S0618,Delhi,Pune,103.0,Air,3.5,Clear,,1.0,2.9,1
S0619,Chennai,Hyderabad,1934.2,Truck,3.7,Clear,,34.6,34.4,0
S0620,Jaipur,Delhi,298.5,Truck,3.5,Rainy,2.9,2.1,3.5,1
S0621,Kolkata,Mumbai,1430.0,Truck,7.9,Rainy,7.1,24.1,29.5,1
S0622,Hyderabad,Ahmedabad,1946.9,Truck,6.9,Foggy,2.7,32.5,33.4,0
S0623,Mumbai,Jaipur,1660.8,Truck,8.5,Rainy,14.4,29.7,33.1,1
S0624,Jaipur,Mumbai,1413.7,Truck,9.8,Clear,11.6,18.5,21.4,1
S0625,Mumbai,Ahmedabad,1686.9,Truck,5.3,Rainy,10.3,29.1,30.0,0
S0626,Chennai,Delhi,1964.5,Rail,1.6,Clear,0.4,24.2,25.5,1
S0627,Kolkata,Delhi,1261.6,Truck,1.4,Clear,9.6,21.7,17.5,0
S0628,Bangalore,Jaipur,1140.4,Truck,3.7,Clear,,21.5,23.7,1
S0629,Hyderabad,Jaipur,1275.1,Truck,9.4,Clear,0.5,20.2,20.4,0
S0630,Delhi,Delhi,1088.7,Rail,5.7,Clear,0.6,15.2,14.5,0
S0631,Bangalore,Ahmedabad,1288.4,Air,3.4,Clear,0.5,2.9,6.2,1
S0632,Chennai,Pune,927.2,Truck,4.6,Foggy,,12.4,12.7,0
S0633,Jaipur,Kolkata,476.0,Rail,,Clear,4.0,5.6,7.6,1
S0634,Delhi,Chennai,284.5,Truck,6.9,Clear,18.1,11.9,13.2,1
S0635,Lucknow,Mumbai,183.3,Truck,2.4,Clear,2.9,1.0,0.5,0
S0636,Pune,Lucknow,563.5,Truck,9.8,Rainy,3.9,7.8,13.3,1
S0637,Delhi,Mumbai,139.9,Truck,5.9,Clear,17.2,3.1,2.0,0
S0638,Chennai,Lucknow,1156.0,Rail,2.2,Stormy,,12.8,15.4,1
S0639,Ahmedabad,Ahmedabad,603.5,Air,9.0,Foggy,9.8,1.0,1.4,1
S0640,Pune,Lucknow,1657.8,Truck,1.7,Clear,4.0,27.7,27.9,0
S0641,Mumbai,Jaipur,194.8,Rail,9.2,Rainy,,1.6,1.0,0
S0642,Hyderabad,Kolkata,491.4,Truck,10.0,Clear,2.1,5.5,8.2,1
S0643,Mumbai,Kolkata,1474.0,Truck,7.3,Clear,4.1,25.1,23.6,0
S0644,Delhi,Jaipur,1217.7,Truck,7.9,Rainy,0.4,19.6,25.7,1
S0645,Mumbai,Hyderabad,175.8,Truck,4.0,Clear,,4.2,4.5,0
S0646,Chennai,Ahmedabad,1760.6,Truck,9.5,Clear,1.7,30.6,32.6,1
S0647,Lucknow,Hyderabad,1760.7,Truck,5.8,Clear,10.9,27.9,30.2,1
S0648,Jaipur,Hyderabad,694.3,Truck,7.6,Clear,2.3,13.2,13.8,0
S0649,Hyderabad,Mumbai,713.8,Truck,9.3,Foggy,0.8,8.1,11.5,1
S0650,Mumbai,Delhi,1978.6,Rail,9.8,Clear,6.0,25.8,24.8,0
S0651,Mumbai,Mumbai,1271.0,Truck,8.5,Rainy,0.9,21.8,28.5,1
S0652,Delhi,Delhi,1086.1,Air,3.7,Clear,7.0,1.4,1.7,1
S0653,Jaipur,Chennai,1684.4,Truck,9.7,Rainy,17.2,29.4,32.2,1
S0654,Bangalore,Lucknow,606.3,Rail,6.7,Clear,7.6,6.0,7.1,1
S0655,Mumbai,Delhi,886.9,Air,9.4,Clear,0.1,1.3,1.5,1
S0656,Chennai,Jaipur,572.2,Rail,7.1,Foggy,4.6,7.2,9.2,1
S0657,Ahmedabad,Mumbai,1588.9,Truck,3.8,Clear,5.9,27.4,27.4,0
S0658,Hyderabad,Ahmedabad,1168.0,Rail,4.3,Clear,8.7,17.0,19.5,1
S0659,Mumbai,Lucknow,1334.7,Truck,6.0,Clear,0.3,26.7,27.3,0
S0660,Chennai,Chennai,542.0,Truck,8.1,Rainy,3.3,14.0,16.1,1
S0661,Chennai,Delhi,479.4,Truck,3.9,Clear,,11.9,10.6,0
S0662,Hyderabad,Chennai,1002.3,Truck,6.2,Foggy,,16.6,18.9,1
S0663,Bangalore,Ahmedabad,1488.3,Truck,4.1,Clear,1.9,23.1,23.3,0
S0664,Chennai,Hyderabad,1074.2,Air,8.3,Clear,2.9,1.0,0.5,0
S0665,Ahmedabad,Kolkata,113.7,Rail,5.2,Rainy,9.0,1.3,3.7,1
S0666,Chennai,Ahmedabad,1743.7,Truck,1.7,Rainy,13.3,28.6,30.3,1
S0667,Chennai,Bangalore,176.1,Air,2.5,Foggy,,1.0,0.5,0
S0668,Chennai,Ahmedabad,1913.9,Truck,1.5,Stormy,2.5,32.8,38.1,1
S0669,Lucknow,Chennai,99.0,Air,5.5,Clear,,1.0,2.2,1
S0670,Lucknow,Jaipur,1404.2,Truck,2.0,Clear,20.1,26.4,24.8,0
S0671,Bangalore,Mumbai,210.3,Truck,2.0,Clear,20.4,3.2,2.4,0
S0672,Mumbai,Jaipur,1825.8,Rail,9.5,Rainy,12.9,24.1,22.0,0
S0673,Chennai,Chennai,955.6,Rail,8.9,Foggy,7.7,12.5,13.0,0
S0674,Jaipur,Mumbai,318.2,Rail,5.1,Clear,2.0,2.4,2.5,0
S0675,Mumbai,Bangalore,714.6,Air,9.9,Clear,8.5,1.0,0.5,0
S0676,Bangalore,Kolkata,371.4,Rail,1.0,Clear,2.6,4.8,6.3,1
S0677,Kolkata,Lucknow,382.6,Rail,6.5,Rainy,2.0,4.1,2.9,0
S0678,Mumbai,Chennai,1898.8,Air,6.5,Clear,6.8,1.1,1.9,1
S0679,Mumbai,Delhi,918.2,Rail,5.1,Clear,,14.8,16.1,1
S0680,Pune,Chennai,1588.2,Truck,4.6,Clear,0.2,29.1,28.3,0
S0681,Delhi,Chennai,1297.2,Air,5.1,Rainy,3.0,1.7,3.2,1
S0682,Pune,Mumbai,1369.0,Truck,4.7,Rainy,2.9,20.0,21.2,1
S0683,Ahmedabad,Pune,306.8,Rail,7.6,Rainy,11.3,5.7,6.1,0
S0684,Lucknow,Ahmedabad,506.7,Air,2.2,Clear,0.7,1.0,0.5,0
S0685,Lucknow,Pune,1584.2,Rail,2.8,Clear,0.7,22.5,19.8,0
S0686,Delhi,Bangalore,1943.0,Rail,2.6,Rainy,0.8,25.6,25.1,0
S0687,Hyderabad,Delhi,562.2,Rail,3.4,Stormy,0.2,9.1,11.0,1
S0688,Hyderabad,Kolkata,579.6,Truck,5.7,Clear,0.4,14.9,16.7,1
S0689,Bangalore,Hyderabad,972.1,Air,2.0,Clear,5.4,2.5,1.4,0
S0690,Delhi,Bangalore,1968.5,Truck,8.8,Clear,2.8,32.5,34.6,1
S0691,Mumbai,Hyderabad,574.5,Truck,3.7,Clear,7.2,13.2,13.1,0
S0692,Hyderabad,Hyderabad,843.6,Truck,2.5,Rainy,24.5,15.1,16.7,1
S0693,Chennai,Kolkata,1788.4,Truck,7.1,Clear,5.4,31.1,30.0,0
S0694,Jaipur,Jaipur,55.7,Truck,1.3,Clear,0.3,5.0,2.8,0
S0695,Mumbai,Pune,127.5,Rail,6.6,Clear,0.6,1.5,4.2,1
S0696,Ahmedabad,Chennai,1227.9,Truck,7.3,Clear,,24.3,26.9,1
S0697,Chennai,Lucknow,1819.4,Truck,2.9,Clear,3.7,29.3,28.5,0
S0698,Chennai,Hyderabad,515.8,Truck,1.4,Clear,8.7,8.9,7.4,0
S0699,Delhi,Delhi,965.8,Truck,4.3,Clear,,13.6,15.4,1
S0700,Bangalore,Bangalore,928.4,Rail,1.9,Rainy,,11.9,11.0,0
S0701,Ahmedabad,Jaipur,972.3,Truck,2.0,Clear,15.0,15.2,14.1,0
S0702,Hyderabad,Hyderabad,1263.9,Truck,3.3,Clear,,18.3,19.0,0
S0703,Delhi,Jaipur,966.0,Truck,3.7,Stormy,2.1,16.6,22.7,1
S0704,Hyderabad,Jaipur,922.6,Truck,5.8,Rainy,16.3,15.5,16.3,0
S0705,Delhi,Hyderabad,974.9,Truck,7.1,Rainy,4.0,13.9,16.3,1
S0706,Delhi,Mumbai,1202.2,Truck,6.3,Clear,0.3,19.5,20.2,0
S0707,Delhi,Ahmedabad,1097.2,Rail,2.3,Clear,5.1,14.0,13.1,0
S0708,Bangalore,Delhi,1715.6,Rail,2.5,Clear,4.4,22.0,21.2,0
S0709,Delhi,Chennai,146.5,Truck,8.9,Clear,11.3,3.7,5.2,1
S0710,Kolkata,Chennai,1675.0,Air,6.0,Clear,5.3,4.9,5.9,1
S0711,Jaipur,Delhi,1695.7,Truck,8.8,Foggy,2.1,28.6,32.2,1
S0712,Hyderabad,Mumbai,605.6,Truck,4.3,Clear,16.9,7.1,8.8,1
S0713,Mumbai,Chennai,952.6,Air,6.5,Clear,,1.0,1.1,0
S0714,Pune,Jaipur,905.2,Truck,5.7,Clear,5.0,15.8,15.8,0
S0715,Ahmedabad,Kolkata,476.1,Air,3.9,Clear,,3.4,1.6,0
S0716,Lucknow,Bangalore,823.8,Truck,5.2,Rainy,2.3,17.2,20.7,1
S0717,Bangalore,Pune,136.6,Truck,5.5,,5.5,1.8,1.7,0
S0718,Mumbai,Chennai,591.8,Truck,2.8,Rainy,0.4,5.4,6.0,1
S0719,Chennai,Delhi,1642.5,Rail,3.8,Stormy,1.5,19.8,23.4,1
S0720,Kolkata,Kolkata,604.9,Rail,8.1,Clear,,10.1,13.3,1
S0721,Lucknow,Hyderabad,1645.5,Rail,9.2,Clear,3.3,21.1,21.6,0
S0722,Pune,Ahmedabad,1086.6,Truck,4.2,Foggy,2.6,17.1,16.0,0
S0723,Mumbai,Delhi,1765.7,Truck,3.8,Rainy,0.8,28.2,30.1,1
S0724,Lucknow,Jaipur,1170.8,Truck,2.8,Clear,2.9,21.5,21.4,0
S0725,Mumbai,Ahmedabad,107.9,Truck,7.1,Foggy,7.4,2.2,3.9,1
S0726,Kolkata,Bangalore,1367.1,Air,3.9,Clear,1.5,1.0,0.5,0
S0727,Pune,Bangalore,137.5,Truck,9.9,Foggy,0.0,1.0,5.5,1
S0728,Chennai,Mumbai,928.7,Rail,3.9,Clear,5.5,13.6,15.0,1
S0729,Delhi,Lucknow,1862.4,Rail,4.5,Clear,18.0,24.9,24.1,0
S0730,Hyderabad,Mumbai,372.1,Truck,6.4,Foggy,4.7,8.5,9.3,0
S0731,Chennai,Kolkata,810.3,Rail,8.2,Clear,0.6,11.8,9.7,0
S0732,Delhi,Ahmedabad,1473.2,Truck,5.2,Clear,,22.2,25.0,1
S0733,Bangalore,Lucknow,1770.4,Truck,4.8,Clear,10.1,29.1,28.0,0
S0734,Jaipur,Hyderabad,1358.3,Truck,10.0,Stormy,1.3,24.8,33.8,1
S0735,Ahmedabad,Jaipur,553.4,Truck,1.1,Rainy,4.7,8.4,8.8,0
S0736,Ahmedabad,Ahmedabad,1365.5,Truck,9.1,Rainy,,23.0,23.1,0
S0737,Hyderabad,Mumbai,628.6,Truck,2.3,Clear,1.2,7.7,8.4,0
S0738,Pune,Pune,1450.9,Truck,8.1,Rainy,8.4,22.5,26.9,1
S0739,Kolkata,Lucknow,1910.4,Truck,6.6,Clear,6.8,32.4,35.0,1
S0740,Pune,Lucknow,1456.7,Rail,4.1,Clear,5.4,15.5,16.1,0
S0741,Kolkata,Jaipur,1732.6,Rail,8.9,Rainy,1.3,21.5,20.7,0
S0742,Pune,Chennai,54.1,Truck,1.1,Clear,0.5,1.0,0.5,0
S0743,Jaipur,Bangalore,1449.3,Truck,3.0,Clear,4.3,25.4,24.5,0
S0744,Bangalore,Bangalore,1667.7,Rail,6.1,Clear,4.0,21.0,20.4,0
S0745,Bangalore,Pune,129.1,Truck,4.2,Clear,1.0,1.3,0.5,0
S0746,Delhi,Kolkata,1749.6,Rail,6.5,Foggy,0.3,20.8,22.6,1
S0747,Lucknow,Kolkata,550.6,Truck,1.2,Clear,0.4,10.6,7.7,0
S0748,Bangalore,Hyderabad,1347.3,Truck,2.0,Rainy,,20.7,20.3,0
S0749,Bangalore,Ahmedabad,1610.7,Truck,2.1,Clear,,26.7,23.0,0
S0750,Chennai,Delhi,1342.2,Truck,2.7,Clear,12.8,20.6,17.4,0
S0751,Chennai,Chennai,230.0,Rail,5.1,Clear,1.1,3.7,4.0,0
S0752,Delhi,Mumbai,1212.8,Truck,7.8,Rainy,16.2,19.3,21.1,1
S0753,Lucknow,Delhi,1121.7,Rail,9.1,Rainy,0.8,13.1,12.6,0
S0754,Hyderabad,Delhi,1805.6,Air,8.5,Foggy,,5.8,7.8,1
S0755,Chennai,Lucknow,838.3,Truck,2.8,Rainy,8.9,12.6,13.7,1
S0756,Hyderabad,Pune,676.1,Rail,5.0,Clear,2.2,10.3,9.5,0
S0757,Mumbai,Bangalore,1512.2,Truck,2.8,Rainy,2.8,22.4,20.9,0
S0758,Chennai,Hyderabad,854.7,Truck,,Foggy,0.7,16.8,18.0,1
S0759,Jaipur,Kolkata,1309.9,Rail,5.5,Rainy,0.7,17.0,16.5,0
S0760,Lucknow,Pune,1310.6,Truck,1.6,Clear,4.8,19.3,16.0,0
S0761,Delhi,Lucknow,1781.7,Truck,3.0,Clear,5.6,27.0,27.3,0
S0762,Mumbai,Mumbai,1217.5,Truck,9.4,Rainy,,23.3,27.5,1
S0763,Lucknow,Hyderabad,1029.2,Truck,5.2,Rainy,4.1,14.1,17.0,1
S0764,Jaipur,Lucknow,320.8,Air,5.0,Clear,5.2,3.0,4.4,1
S0765,Lucknow,Bangalore,275.7,Air,1.1,Foggy,,1.0,1.1,0
S0766,Jaipur,Bangalore,350.9,Rail,3.2,Stormy,,4.3,9.3,1
S0767,Jaipur,Bangalore,385.1,Rail,8.8,Clear,21.0,6.3,5.8,0
S0768,Hyderabad,Pune,1293.9,Truck,2.5,Foggy,0.4,20.7,21.2,0
S0769,Pune,Pune,1494.9,Truck,4.7,Clear,5.7,22.8,24.7,1
S0770,Mumbai,Kolkata,1083.5,Truck,1.1,Clear,1.0,16.5,16.0,0
S0771,Lucknow,Kolkata,1666.6,Truck,5.3,Clear,6.3,26.5,25.9,0
S0772,Kolkata,Mumbai,1983.0,Truck,1.2,Clear,6.1,32.8,31.7,0
S0773,Mumbai,Hyderabad,1649.0,Air,8.4,Rainy,1.3,1.8,0.5,0
S0774,Pune,Jaipur,1405.0,Truck,8.4,Clear,1.6,23.5,24.6,1
S0775,Mumbai,Jaipur,1088.4,Truck,,Clear,5.3,21.2,22.4,1
S0776,Bangalore,Lucknow,925.3,Truck,3.6,Clear,2.5,14.1,16.7,1
S0777,Kolkata,Bangalore,214.6,Rail,8.5,Clear,1.1,4.2,3.1,0
S0778,Pune,Hyderabad,828.8,Rail,5.9,Clear,6.6,8.8,9.5,0
S0779,Hyderabad,Delhi,1824.8,Truck,4.4,Rainy,0.8,30.5,34.3,1
S0780,Lucknow,Pune,1625.6,Truck,6.6,Clear,9.7,25.8,27.6,1
S0781,Ahmedabad,Ahmedabad,471.3,Rail,1.1,Foggy,3.6,1.4,1.8,1
S0782,Pune,Chennai,959.9,Truck,2.3,Rainy,,14.8,15.0,0
S0783,Delhi,Mumbai,1642.6,Truck,7.7,Clear,5.9,27.2,30.2,1
S0784,Lucknow,Bangalore,181.4,Rail,3.2,Foggy,3.7,1.0,0.5,0
S0785,Pune,Bangalore,805.4,Rail,6.4,Clear,1.8,8.0,9.8,1
S0786,Bangalore,Bangalore,1711.1,Truck,4.5,Clear,2.7,25.2,24.4,0
S0787,Ahmedabad,Pune,837.6,Rail,8.7,,1.8,12.1,12.3,0
S0788,Bangalore,Pune,201.3,Rail,9.6,Clear,1.5,4.8,2.0,0
S0789,Ahmedabad,Chennai,1107.9,Truck,9.0,Clear,0.9,17.8,22.6,1
S0790,Delhi,Delhi,1730.4,Air,3.4,Rainy,2.3,1.0,2.6,1
S0791,Lucknow,Hyderabad,1201.1,Rail,2.7,Clear,1.4,14.5,15.5,0
S0792,Hyderabad,Bangalore,491.2,Rail,5.3,Rainy,,8.7,9.5,0
S0793,Bangalore,Jaipur,799.3,Rail,1.1,Clear,,8.8,9.8,1
S0794,Bangalore,Kolkata,927.7,Truck,1.2,Rainy,3.5,14.1,14.8,0
S0795,Jaipur,Jaipur,1179.6,Truck,6.0,Clear,7.5,17.2,17.7,0
S0796,Ahmedabad,Lucknow,1530.7,Truck,5.7,Clear,9.2,27.9,27.8,0
S0797,Chennai,Jaipur,242.8,Truck,10.0,Clear,4.3,6.2,13.4,1
S0798,Lucknow,Lucknow,1784.8,Truck,2.8,Clear,4.8,29.7,29.5,0
S0799,Ahmedabad,Ahmedabad,74.0,Air,3.3,Clear,1.7,1.1,1.4,1
S0800,Jaipur,Kolkata,771.6,Rail,2.0,Rainy,11.3,11.2,10.8,0
S0801,Mumbai,Jaipur,103.5,Rail,9.3,Clear,0.1,1.0,0.5,0
S0802,Ahmedabad,Ahmedabad,816.3,Air,8.0,Rainy,2.1,1.0,2.4,1
S0803,Hyderabad,Mumbai,1075.3,Rail,8.4,Rainy,6.4,11.6,11.9,0
S0804,Lucknow,Hyderabad,1047.8,Truck,9.1,Foggy,0.4,17.2,20.7,1
S0805,Jaipur,Ahmedabad,373.0,Truck,5.7,Clear,1.0,2.5,5.7,1
S0806,Mumbai,Hyderabad,1309.2,Truck,5.1,Clear,4.4,22.9,26.9,1
S0807,Kolkata,Jaipur,137.3,Rail,4.0,Foggy,,3.9,6.6,1
S0808,Jaipur,Delhi,1535.7,Truck,6.3,Rainy,6.7,22.1,22.1,0
S0809,Kolkata,Ahmedabad,1896.0,Rail,5.1,Clear,8.4,23.8,22.1,0
S0810,Lucknow,Kolkata,712.5,Truck,,Clear,0.7,10.5,15.2,1
S0811,Bangalore,Jaipur,1058.6,Rail,9.4,Clear,0.1,15.6,14.6,0
S0812,Jaipur,Bangalore,788.9,Rail,9.9,,5.9,5.1,3.6,0
S0813,Delhi,Pune,63.1,Rail,8.2,Rainy,1.8,1.0,0.8,0
S0814,Kolkata,Ahmedabad,802.5,Air,7.8,Clear,4.9,1.0,2.7,1
S0815,Hyderabad,Kolkata,1593.9,Rail,7.1,Clear,0.8,18.5,19.8,1
S0816,Delhi,Mumbai,1212.2,Air,2.5,Clear,3.2,1.8,3.2,1
S0817,Pune,Bangalore,247.5,Air,1.5,Clear,3.5,1.0,0.5,0
S0818,Pune,Mumbai,1701.9,Rail,7.2,Rainy,4.4,20.1,19.2,0
S0819,Mumbai,Jaipur,1085.6,Rail,7.6,Rainy,3.6,17.7,17.9,0
S0820,Bangalore,Pune,1691.4,Truck,1.4,Clear,,28.2,28.0,0
S0821,Lucknow,Ahmedabad,1181.4,Truck,9.4,Foggy,2.0,19.7,25.6,1
S0822,Jaipur,Ahmedabad,1141.4,Truck,1.8,Clear,0.4,18.3,16.9,0
S0823,Chennai,Delhi,255.3,Truck,3.6,Clear,0.5,2.3,5.2,1
S0824,Hyderabad,Delhi,376.4,Truck,7.1,,2.8,6.1,5.7,0
S0825,Kolkata,Jaipur,1945.4,Air,2.5,Clear,2.2,3.2,2.2,0
S0826,Lucknow,Jaipur,495.5,Air,1.5,Clear,3.6,1.0,1.5,1
S0827,Delhi,Pune,1956.0,Rail,4.0,Clear,,27.5,27.8,0
S0828,Pune,Delhi,1087.2,Truck,7.9,Rainy,5.8,16.7,19.4,1
S0829,Hyderabad,Kolkata,314.8,Truck,4.7,Clear,10.0,6.6,3.5,0
S0830,Chennai,Kolkata,243.6,Truck,6.9,Rainy,1.8,2.0,5.8,1
S0831,Jaipur,Pune,457.3,Truck,6.2,Clear,1.1,4.2,5.1,1
S0832,Mumbai,Kolkata,1855.0,Truck,1.2,Foggy,0.6,30.0,31.7,1
S0833,Chennai,Lucknow,857.6,Truck,9.9,Rainy,4.8,13.8,20.0,1
S0834,Hyderabad,Hyderabad,821.1,Air,1.4,Clear,2.9,1.3,4.0,1
S0835,Chennai,Pune,660.8,Rail,9.7,Rainy,,5.5,8.1,1
S0836,Hyderabad,Pune,336.8,Truck,5.9,Clear,5.3,4.8,7.5,1
S0837,Hyderabad,Chennai,1001.3,Truck,9.7,Rainy,0.8,19.1,19.9,0
S0838,Ahmedabad,Bangalore,303.6,Truck,2.0,Clear,,6.0,6.3,0
S0839,Kolkata,Bangalore,1679.2,Truck,5.4,Rainy,3.7,30.6,31.2,0
S0840,Pune,Lucknow,772.3,Air,2.5,Rainy,6.6,2.3,2.6,1
S0841,Ahmedabad,Delhi,780.9,Truck,1.5,Clear,0.3,13.9,14.6,0
S0842,Jaipur,Jaipur,974.3,Truck,6.6,Clear,10.9,18.6,18.4,0
S0843,Ahmedabad,Jaipur,916.0,Truck,2.9,Rainy,6.1,15.8,16.8,0
S0844,Bangalore,Mumbai,1990.0,Truck,6.3,Clear,1.2,32.7,33.8,1
S0845,Bangalore,Lucknow,1113.5,Rail,2.0,Clear,1.0,14.3,13.7,0
S0846,Pune,Pune,222.0,Rail,4.0,Clear,2.8,4.5,6.6,1
S0847,Chennai,Lucknow,1233.4,Rail,8.0,Clear,,13.8,15.9,1
S0848,Kolkata,Lucknow,345.6,Truck,4.9,Stormy,9.3,4.1,9.4,1
S0849,Pune,Lucknow,110.3,Truck,6.6,Clear,3.7,4.5,5.2,1
S0850,Hyderabad,Bangalore,1942.9,Truck,6.8,Clear,9.9,30.8,30.8,0
S0851,Delhi,Lucknow,1558.4,Air,8.6,Rainy,0.0,2.9,5.9,1
S0852,Kolkata,Hyderabad,1961.2,Truck,3.9,Rainy,0.2,29.3,31.9,1
S0853,Kolkata,Jaipur,981.9,Truck,7.2,Clear,12.1,16.2,16.6,0
S0854,Hyderabad,Mumbai,1087.9,Rail,9.7,Clear,7.5,13.4,12.6,0
S0855,Hyderabad,Hyderabad,378.3,Rail,7.6,Foggy,3.0,7.2,9.9,1
S0856,Mumbai,Mumbai,531.5,Truck,5.4,Rainy,7.0,9.0,11.0,1
S0857,Pune,Chennai,1685.2,Truck,6.7,Clear,15.6,27.1,28.1,0
S0858,Hyderabad,Mumbai,744.6,Truck,7.7,Clear,,16.1,17.6,1
S0859,Bangalore,Jaipur,1662.3,Air,6.5,Clear,9.2,1.0,0.5,0
S0860,Jaipur,Jaipur,1432.6,Truck,1.2,Clear,7.1,25.4,22.4,0
S0861,Delhi,Lucknow,395.5,Air,2.8,Clear,0.9,1.0,1.7,1
S0862,Pune,Ahmedabad,1039.5,Truck,8.3,,9.0,16.0,16.5,0
S0863,Lucknow,Chennai,1370.9,Air,3.5,Clear,1.1,1.0,0.5,0
S0864,Bangalore,Pune,508.3,Rail,7.6,Rainy,,5.9,6.1,0
S0865,Chennai,Kolkata,1669.8,Truck,4.3,Clear,,29.5,27.5,0
S0866,Hyderabad,Mumbai,1112.4,Air,5.7,Rainy,,2.9,2.4,0
S0867,Lucknow,Ahmedabad,372.2,Truck,,Rainy,3.4,2.6,3.1,1
S0868,Hyderabad,Lucknow,1186.8,Air,2.6,Clear,0.5,4.3,5.7,1
S0869,Kolkata,Bangalore,1999.4,Rail,9.6,Clear,,24.8,26.7,1
S0870,Bangalore,Pune,343.5,Truck,9.0,Clear,20.6,6.1,9.6,1
S0871,Kolkata,Delhi,1642.7,Rail,6.9,Foggy,16.2,17.2,15.8,0
S0872,Mumbai,Ahmedabad,454.3,Air,5.1,Foggy,1.9,2.1,4.9,1
S0873,Kolkata,Bangalore,1575.7,Truck,7.1,Clear,28.0,27.1,27.4,0
S0874,Mumbai,Chennai,1482.4,Truck,6.6,Clear,9.3,23.0,23.3,0
S0875,Mumbai,Lucknow,636.0,Rail,6.1,Clear,4.7,10.4,9.9,0
S0876,Lucknow,Pune,685.4,Rail,1.5,Rainy,0.2,10.7,12.0,1
S0877,Hyderabad,Pune,1595.4,Truck,6.7,Clear,11.6,30.0,31.2,1
S0878,Chennai,Pune,949.8,Truck,7.9,Clear,4.1,15.7,18.8,1
S0879,Kolkata,Chennai,1475.1,Truck,9.9,,10.1,22.7,24.5,1
S0880,Bangalore,Mumbai,338.6,Truck,1.1,Clear,9.0,2.3,0.5,0
S0881,Mumbai,Delhi,1712.5,Truck,7.6,Rainy,8.9,32.4,36.7,1
S0882,Hyderabad,Chennai,1436.2,Air,6.1,Clear,6.0,1.0,2.8,1
S0883,Delhi,Kolkata,1818.5,Truck,4.9,Rainy,1.7,28.9,32.4,1
S0884,Pune,Delhi,308.1,Rail,2.1,Clear,2.0,5.1,7.9,1
S0885,Lucknow,Jaipur,1206.4,Truck,4.7,Clear,1.8,19.0,18.3,0
S0886,Chennai,Lucknow,1218.3,Truck,4.2,Rainy,0.1,14.9,17.3,1
S0887,Ahmedabad,Chennai,739.2,Truck,3.7,Stormy,4.4,13.8,18.4,1
S0888,Lucknow,Bangalore,944.0,Truck,7.6,Rainy,6.0,18.2,22.0,1
S0889,Delhi,Delhi,124.1,Rail,7.3,Clear,9.6,2.6,2.7,0
S0890,Pune,Kolkata,1504.4,Air,6.3,Clear,0.8,3.6,2.2,0
S0891,Delhi,Jaipur,1121.2,Rail,9.4,Foggy,3.9,11.2,10.5,0
S0892,Kolkata,Mumbai,162.6,Air,4.1,Clear,0.0,1.0,0.5,0
S0893,Mumbai,Bangalore,1377.5,Air,3.2,Clear,0.5,1.0,0.5,0
S0894,Chennai,Delhi,960.2,Truck,6.9,,0.3,17.6,21.9,1
S0895,Jaipur,Lucknow,117.2,Rail,2.8,Rainy,6.5,1.6,2.3,1
S0896,Mumbai,Bangalore,1940.7,Rail,3.8,Stormy,0.4,25.2,28.0,1
S0897,Jaipur,Jaipur,1900.8,Truck,3.0,Foggy,6.3,30.6,33.4,1
S0898,Pune,Bangalore,1050.2,Rail,1.6,Foggy,,8.1,7.7,0
S0899,Hyderabad,Hyderabad,232.7,Truck,8.4,Clear,10.5,3.5,6.0,1
S0900,Ahmedabad,Ahmedabad,1521.5,Truck,3.3,Clear,8.4,27.6,29.6,1
S0901,Bangalore,Mumbai,1009.3,Rail,5.3,Clear,15.8,12.4,12.4,0
S0902,Mumbai,Jaipur,639.8,Truck,1.4,Clear,10.8,11.4,8.8,0
S0903,Chennai,Bangalore,1008.3,Truck,7.3,Clear,13.5,14.4,15.4,0
S0904,Delhi,Ahmedabad,1068.8,Air,4.0,Clear,,3.0,2.7,0
S0905,Chennai,Ahmedabad,1147.3,Rail,7.7,Clear,5.9,15.2,12.4,0
S0906,Pune,Bangalore,910.4,Truck,4.7,Clear,0.9,15.2,15.2,0
S0907,Jaipur,Lucknow,1231.2,Rail,2.8,Clear,1.6,12.8,14.1,1
S0908,Delhi,Hyderabad,1841.5,Truck,5.6,Clear,1.2,34.4,36.9,1
S0909,Bangalore,Chennai,756.4,Truck,2.2,Clear,4.6,14.7,14.4,0
S0910,Bangalore,Hyderabad,1465.1,Air,5.0,Rainy,3.5,3.4,0.7,0
S0911,Mumbai,Bangalore,1794.2,Rail,,Clear,,22.2,23.1,0
S0912,Pune,Mumbai,939.2,Truck,9.2,Clear,15.3,16.7,20.7,1
S0913,Hyderabad,Chennai,914.7,Rail,1.5,Rainy,2.6,9.4,10.5,1
S0914,Pune,Jaipur,1224.1,Air,7.2,Clear,3.5,1.0,0.7,0
S0915,Jaipur,Hyderabad,1203.2,Truck,2.6,Clear,17.8,19.9,20.0,0
S0916,Chennai,Bangalore,1622.8,Truck,3.9,Clear,1.6,28.5,28.8,0
S0917,Bangalore,Hyderabad,979.1,Truck,4.7,Clear,,12.0,12.8,0
S0918,Chennai,Chennai,1992.4,Rail,9.2,Foggy,1.3,24.4,27.3,1
S0919,Chennai,Kolkata,166.0,Rail,3.2,Clear,5.7,4.4,3.0,0
S0920,Chennai,Delhi,56.2,Rail,1.8,Rainy,1.5,1.9,3.1,1
S0921,Bangalore,Hyderabad,1298.4,Air,3.9,Clear,10.8,2.9,3.5,1
S0922,Lucknow,Jaipur,631.9,Rail,1.9,Clear,4.1,9.2,11.5,1
S0923,Kolkata,Jaipur,518.7,Truck,2.2,Clear,1.0,7.5,5.5,0
S0924,Jaipur,Pune,658.2,Truck,6.2,Clear,1.3,12.5,11.0,0
S0925,Lucknow,Hyderabad,549.3,Truck,1.5,Clear,3.4,10.5,9.6,0
S0926,Jaipur,Delhi,110.0,Truck,1.3,Clear,,1.0,0.5,0
S0927,Delhi,Lucknow,1944.5,Rail,7.4,Clear,,27.5,25.4,0
S0928,Pune,Ahmedabad,480.5,Air,4.3,Rainy,3.4,1.1,0.5,0
S0929,Pune,Delhi,1481.4,Truck,2.1,Clear,2.1,23.3,25.2,1
S0930,Ahmedabad,Ahmedabad,1537.1,Truck,3.3,Foggy,4.0,25.9,27.3,1
S0931,Pune,Ahmedabad,1862.1,Rail,6.8,Rainy,6.9,23.1,20.8,0
S0932,Bangalore,Kolkata,109.6,Truck,3.5,Clear,7.7,1.0,2.0,1
S0933,Hyderabad,Pune,1750.5,Truck,,Clear,2.0,29.5,29.1,0
S0934,Mumbai,Delhi,1078.1,Truck,2.1,Clear,6.4,17.9,17.5,0
S0935,Ahmedabad,Delhi,1283.5,Truck,6.3,Rainy,5.4,22.3,23.8,1
S0936,Mumbai,Kolkata,1306.7,Air,3.8,Clear,16.0,1.0,0.5,0
S0937,Jaipur,Hyderabad,1648.6,Truck,6.6,,13.4,29.7,33.8,1
S0938,Mumbai,Hyderabad,700.1,Truck,8.3,Clear,7.8,12.5,13.9,1
S0939,Mumbai,Hyderabad,1479.4,Truck,6.5,Rainy,6.4,23.6,26.1,1
S0940,Ahmedabad,Mumbai,1080.7,Air,3.7,Clear,1.6,3.1,4.6,1
S0941,Delhi,Ahmedabad,1597.1,Truck,3.3,Foggy,,26.1,30.8,1
S0942,Chennai,Mumbai,1981.6,Truck,3.9,Clear,,33.2,32.4,0
S0943,Pune,Pune,441.3,Truck,,Clear,1.6,10.3,6.6,0
S0944,Pune,Kolkata,1989.6,Truck,2.6,Clear,2.4,34.1,33.2,0
S0945,Bangalore,Delhi,225.1,Truck,8.1,Clear,,6.6,9.4,1
S0946,Ahmedabad,Ahmedabad,54.5,Rail,4.5,Stormy,0.8,1.0,5.3,1
S0947,Bangalore,Mumbai,136.1,Truck,4.9,Clear,3.0,1.0,2.7,1
S0948,Hyderabad,Mumbai,716.5,Truck,6.3,Clear,3.4,9.3,10.6,1
S0949,Hyderabad,Bangalore,1284.2,Rail,6.3,Clear,0.2,16.1,13.9,0
S0950,Bangalore,Mumbai,184.6,Truck,1.6,Clear,1.1,3.2,2.7,0
S0951,Ahmedabad,Lucknow,61.0,Truck,8.5,Clear,,1.0,1.5,1
S0952,Bangalore,Delhi,1877.3,Truck,2.6,Rainy,8.9,32.3,33.6,1
S0953,Pune,Lucknow,1652.8,Air,7.5,Clear,1.7,2.8,2.8,0
S0954,Lucknow,Delhi,1627.9,Truck,8.0,Foggy,10.4,26.0,32.4,1
S0955,Kolkata,Kolkata,1774.6,Air,7.4,Clear,7.4,1.9,0.6,0
S0956,Mumbai,Delhi,1415.1,Rail,6.2,Clear,2.7,17.8,17.7,0
S0957,Kolkata,Lucknow,253.6,Truck,1.1,Rainy,6.9,3.6,6.4,1
S0958,Ahmedabad,Delhi,828.2,Air,4.2,Rainy,16.3,1.0,1.1,0
S0959,Kolkata,Kolkata,1460.1,Truck,6.4,Clear,3.1,22.2,22.3,0
S0960,Hyderabad,Kolkata,596.7,Truck,4.5,Rainy,1.4,13.4,16.2,1
S0961,Jaipur,Pune,1390.4,Rail,8.8,Clear,14.2,17.9,16.5,0
S0962,Mumbai,Delhi,97.8,Rail,3.8,Clear,4.6,1.0,3.8,1
S0963,Chennai,Bangalore,647.0,Rail,3.6,Foggy,0.6,9.1,9.4,0
S0964,Ahmedabad,Hyderabad,1120.8,Truck,3.4,Clear,4.3,19.6,19.2,0
S0965,Mumbai,Jaipur,1282.6,Truck,4.0,Clear,3.5,19.7,18.8,0
S0966,Kolkata,Kolkata,1175.2,Rail,6.0,Rainy,9.7,19.2,19.8,0
S0967,Hyderabad,Chennai,1410.6,Truck,7.4,Stormy,3.8,20.4,26.4,1
S0968,Delhi,Hyderabad,61.9,Truck,7.0,Clear,,3.6,3.5,0
S0969,Lucknow,Ahmedabad,246.8,Truck,8.3,Clear,5.6,3.2,7.0,1
S0970,Chennai,Delhi,1744.4,Truck,9.0,Clear,3.9,29.1,31.0,1
S0971,Lucknow,Lucknow,1379.4,Air,8.3,Foggy,,1.0,3.1,1
S0972,Mumbai,Jaipur,270.2,Truck,1.2,Foggy,4.3,4.1,0.5,0
S0973,Hyderabad,Chennai,1692.0,Air,7.6,Clear,8.6,1.0,0.5,0
S0974,Hyderabad,Hyderabad,522.4,Truck,2.9,Clear,0.1,6.6,5.1,0
S0975,Kolkata,Delhi,982.6,Rail,2.2,Clear,5.0,17.0,18.0,0
S0976,Pune,Pune,333.1,Truck,6.7,Rainy,2.2,1.0,3.8,1
S0977,Kolkata,Ahmedabad,1434.7,Truck,3.9,Rainy,1.7,23.7,23.5,0
S0978,Pune,Jaipur,1350.4,Truck,1.5,Rainy,2.5,23.6,21.1,0
S0979,Pune,Bangalore,461.7,Truck,2.2,Stormy,2.1,9.9,15.1,1
S0980,Chennai,Pune,1733.6,Truck,1.0,Clear,,33.6,29.5,0
S0981,Kolkata,Chennai,832.5,Air,9.1,Clear,1.6,1.0,2.0,1
S0982,Delhi,Jaipur,620.4,Rail,1.2,Clear,6.6,10.1,11.3,1
S0983,Bangalore,Pune,347.0,Truck,,Clear,0.5,7.9,9.8,1
S0984,Bangalore,Ahmedabad,569.0,Truck,4.7,Clear,15.1,9.9,9.4,0
S0985,Kolkata,Bangalore,93.0,Truck,4.2,Clear,4.9,1.0,0.5,0
S0986,Kolkata,Pune,1187.4,Truck,9.2,Rainy,6.1,19.5,22.2,1
S0987,Lucknow,Mumbai,1692.3,Rail,1.4,Foggy,1.8,21.1,20.3,0
S0988,Chennai,Bangalore,1120.5,Air,5.6,Clear,2.7,3.8,4.5,1
S0989,Kolkata,Chennai,477.6,Truck,7.1,Clear,1.3,7.0,9.0,1
S0990,Lucknow,Ahmedabad,115.7,Truck,9.4,Clear,,1.0,1.9,1
S0991,Pune,Delhi,468.5,Truck,6.6,Rainy,3.3,6.5,9.2,1
S0992,Hyderabad,Lucknow,861.4,Rail,8.2,Rainy,5.0,11.0,11.3,0
S0993,Hyderabad,Lucknow,1531.2,Truck,1.8,Clear,6.6,22.9,21.2,0
S0994,Pune,Lucknow,416.3,Rail,4.5,Clear,2.3,3.6,0.5,0
S0995,Ahmedabad,Jaipur,1453.6,Rail,4.4,Clear,6.4,24.3,23.1,0
S0996,Lucknow,Chennai,1740.5,Truck,9.0,Clear,5.6,27.5,27.5,0
S0997,Lucknow,Ahmedabad,935.2,Rail,2.4,Clear,6.1,9.6,9.3,0
S0998,Pune,Bangalore,1651.8,Truck,,Rainy,3.4,30.2,30.8,0
S0999,Delhi,Jaipur,1131.6,Rail,4.0,Foggy,2.4,13.5,16.0,1
S1000,Jaipur,Chennai,1292.3,Truck,1.5,Clear,1.3,20.5,19.4,0
